pos,mut_type,aa,score_30,score_30_MTX,score_37,score_37_MTX,SD_30,SD_30_MTX,SD_37,SD_37_MTX
1,del,M,0.997,0.999,0.999,1.012,0.002,0.008,0.004,0.003
1,ins,M,0.993,0.979,0.993,1.008,0.005,0.011,0.005,0.007
1,stop,M,-0.041,-0.019,-0.068,-0.042,0.039,0.571,0.022,0.088
1,syn,M,,,,,,,,
2,del,V,0.991,0.995,0.997,1.005,0.01,0.015,0.008,0.011
2,ins,V,1.012,0.996,1.004,1.013,0.004,0.01,0.004,0.006
2,stop,V,0.049,0.025,0.038,0.053,0.037,0.493,0.03,0.081
2,syn,V,0.98,0.969,0.988,0.981,0.006,0.021,0.005,0.006
3,del,G,1.042,1.056,1.03,1.068,0.012,0.012,0.006,0.008
3,ins,G,1.012,0.996,1.004,1.013,0.004,0.01,0.004,0.006
3,stop,G,0.031,0.042,0.065,0.022,0.023,0.511,0.012,0.1
3,syn,G,0.998,1,0.997,0.996,0.007,0.011,0.005,0.008
4,del,S,0.965,0.959,0.977,0.983,0.016,0.031,0.014,0.017
4,ins,S,1.006,1.01,1.002,0.998,0.008,0.012,0.007,0.012
4,stop,S,0.055,0.018,0.021,0.033,0.03,0.523,0.007,0.097
4,syn,S,0.978,0.964,0.981,0.979,0.007,0.006,0.003,0.006
5,del,L,0.886,0.883,0.275,0.814,0.015,0.037,0.032,0.012
5,ins,L,0.794,0.727,-0.025,0.751,0.007,0.049,0.023,0.016
5,stop,L,-0.032,-0.005,0.022,-0.023,0.021,0.541,0.015,0.12
5,syn,L,0.998,1.002,1.002,1.002,0.009,0.013,0.006,0.009
6,del,N,-0.121,0.254,-0.089,0.022,0.08,0.318,0.038,0.071
6,ins,N,-0.09,0.484,-0.103,0.229,0.03,0.151,0.015,0.025
6,stop,N,0.042,0.043,0.04,0.035,0.004,0.508,0.017,0.117
6,syn,N,1.018,1.025,1.015,1.02,0.009,0.008,0.004,0.007
7,del,C,0.264,0.224,-0.108,-0.12,0.024,0.361,0.02,0.134
7,ins,C,-0.04,0.52,-0.131,0.155,0.025,0.134,0.009,0.025
7,stop,C,0.019,-0.003,0.03,-0.005,0.038,0.512,0.012,0.098
7,syn,C,0.986,0.975,0.987,0.982,0.006,0.008,0.004,0.007
8,del,I,-0.029,0.015,-0.108,-0.114,0.025,0.565,0.011,0.17
8,ins,I,0.012,0.278,-0.102,-0.07,0.021,0.217,0.027,0.11
8,stop,I,-0.029,-0.014,-0.046,-0.021,0.045,0.567,0.035,0.119
8,syn,I,1.012,1.022,1.009,1.01,0.007,0.011,0.002,0.003
9,del,V,0.526,0.305,-0.105,-0.061,0.031,0.269,0.012,0.106
9,ins,V,0.635,0.711,-0.093,0.79,0.009,0.05,0.041,0.046
9,stop,V,-0.047,-0.044,-0.069,-0.057,0.087,0.578,0.035,0.13
9,syn,V,0.987,0.986,0.99,0.983,0.006,0.011,0.005,0.005
10,del,A,0.871,0.598,-0.025,-0.016,0.006,0.129,0.018,0.124
10,ins,A,0.395,0.727,-0.1,0.798,0.02,0.046,0.015,0.009
10,stop,A,-0.013,-0.009,-0.039,-0.026,0.045,0.551,0.028,0.135
10,syn,A,0.981,0.973,0.984,0.981,0.014,0.016,0.009,0.01
11,del,V,0.553,0.561,-0.083,0.06,0.013,0.137,0.031,0.03
11,ins,V,0.843,0.816,-0.06,0.964,0.011,0.026,0.014,0.015
11,stop,V,0.079,0.042,0.044,0.052,0.037,0.508,0.023,0.058
11,syn,V,0.993,0.989,0.995,0.992,0.004,0.009,0.004,0.007
12,del,S,0.123,0.574,-0.077,0.449,0.041,0.127,0.026,0.051
12,ins,S,0.991,0.919,0.917,1.04,0.004,0.006,0.006,0.011
12,stop,S,-0.009,0.022,0.006,0.01,0.087,0.514,0.021,0.094
12,syn,S,1.013,1.016,1.012,1.012,0.008,0.011,0.005,0.007
13,del,Q,0.611,0.787,-0.055,0.846,0.022,0.052,0.007,0.014
13,ins,Q,0.941,0.915,0.264,0.955,0.002,0.006,0.033,0.003
13,stop,Q,0.02,0.013,0,0.023,0.047,0.523,0.014,0.098
13,syn,Q,0.999,0.996,0.999,1.004,0.007,0.006,0.003,0.006
14,del,N,0.393,0.728,-0.109,0.764,0.043,0.075,0.04,0.01
14,ins,N,1.001,0.975,0.884,1.039,0.009,0.011,0.011,0.007
14,stop,N,-0.002,0.019,0.031,0.025,0.056,0.504,0.021,0.102
14,syn,N,1.002,0.988,1.003,1.002,0.006,0.008,0.005,0.008
15,del,M,0.409,0.753,-0.126,0.812,0.021,0.077,0.02,0.014
15,ins,M,0.803,0.834,-0.041,0.935,0.007,0.021,0.014,0.004
15,stop,M,0.05,0.009,0.027,0.01,0.019,0.501,0.017,0.095
15,syn,M,,,,,,,,
16,del,G,0.182,0.174,-0.065,-0.032,0.056,0.346,0.029,0.115
16,ins,G,0.803,0.834,-0.041,0.935,0.007,0.021,0.014,0.004
16,stop,G,-0.006,-0.018,0.008,0.021,0.04,0.533,0.032,0.092
16,syn,G,0.995,0.996,0.998,0.995,0.006,0.011,0.005,0.006
17,del,I,0.29,0.072,-0.038,-0.067,0.014,0.492,0.031,0.134
17,ins,I,0.907,0.845,-0.026,0.989,0.003,0.013,0.02,0.005
17,stop,I,-0.039,0.032,-0.011,-0.023,0.028,0.557,0.023,0.125
17,syn,I,1.021,1.034,1.015,1.019,0.012,0.008,0.005,0.008
18,del,G,0.768,0.415,-0.117,0.437,0.015,0.211,0.012,0.024
18,ins,G,0.907,0.845,-0.026,0.989,0.003,0.013,0.02,0.005
18,stop,G,0.025,0.009,0.058,0.036,0.045,0.451,0.027,0.074
18,syn,G,0.999,1.001,1.004,1.004,0.006,0.012,0.005,0.01
19,del,K,0.596,0.734,-0.063,0.851,0.02,0.076,0.012,0.016
19,ins,K,0.972,0.937,0.56,0.978,0.004,0.004,0.031,0.008
19,stop,K,-0.031,-0.005,-0.076,-0.047,0.073,0.583,0.014,0.106
19,syn,K,1.018,1.028,1.01,1.017,0.008,0.004,0.007,0.008
20,del,N,0.531,0.678,-0.093,0.817,0.029,0.094,0.02,0.028
20,ins,N,0.967,0.936,0.526,0.979,0.011,0.014,0.026,0.011
20,stop,N,0.006,0.009,0.02,0.018,0.03,0.508,0.054,0.095
20,syn,N,1.014,1.003,1.006,1.006,0.003,0.015,0.003,0.008
21,del,G,0.301,0.584,-0.052,0.539,0.012,0.109,0.02,0.048
21,ins,G,0.967,0.936,0.526,0.979,0.011,0.014,0.026,0.011
21,stop,G,-0.013,-0.022,-0.015,-0.022,0.045,0.527,0.025,0.085
21,syn,G,0.986,0.992,0.995,0.991,0.007,0.014,0.003,0.004
22,del,D,0.771,0.794,-0.017,0.931,0.013,0.053,0.052,0.018
22,ins,D,0.967,0.953,0.303,0.955,0.01,0.008,0.062,0.012
22,stop,D,0.004,-0.01,0,-0.022,0.026,0.514,0.012,0.092
22,syn,D,1.034,1.039,1.021,1.026,0.013,0.021,0.01,0.013
23,del,L,0.791,0.785,-0.009,0.545,0.016,0.054,0.038,0.039
23,ins,L,0.629,0.659,-0.1,0.63,0.024,0.066,0.034,0.063
23,stop,L,-0.026,-0.004,-0.016,-0.027,0.062,0.557,0.006,0.121
23,syn,L,0.993,0.993,0.995,0.99,0.007,0.008,0.005,0.009
24,del,P,0.777,0.702,-0.055,0.59,0.012,0.08,0.015,0.064
24,ins,P,0.874,0.764,0.041,0.979,0.007,0.033,0.042,0.012
24,stop,P,-0.008,-0.019,0.031,0.003,0.065,0.514,0.021,0.091
24,syn,P,0.98,0.971,0.983,0.983,0.008,0.009,0.006,0.008
25,del,W,0.726,0.645,-0.046,0.007,0.025,0.105,0.014,0.074
25,ins,W,1.004,0.912,0.876,1.083,0.011,0.022,0.011,0.01
25,stop,W,0.025,0.015,0.032,0.017,0.01,0.508,0.02,0.1
25,syn,W,,,,,,,,
26,del,P,0.943,0.939,0.394,0.983,0.006,0.02,0.031,0.005
26,ins,P,0.969,0.881,0.842,1.037,0.001,0.015,0.012,0.009
26,stop,P,-0.058,-0.02,-0.034,-0.02,0.032,0.551,0.035,0.096
26,syn,P,1.013,1.021,1.006,1.013,0.007,0.007,0.003,0.006
27,del,P,0.943,0.939,0.394,0.983,0.006,0.02,0.031,0.005
27,ins,P,0.894,0.806,0.046,0.992,0.004,0.025,0.022,0.004
27,stop,P,0.014,-0.02,0.02,-0.006,0.034,0.509,0.02,0.084
27,syn,P,0.997,0.991,0.998,0.995,0.011,0.013,0.007,0.009
28,del,L,0.572,0.477,-0.075,0.022,0.013,0.157,0.026,0.101
28,ins,L,0.941,0.819,0.441,1.008,0.008,0.029,0.03,0.02
28,stop,L,-0.018,-0.018,-0.037,-0.013,0.064,0.539,0.011,0.118
28,syn,L,0.974,0.96,0.978,0.973,0.006,0.012,0.004,0.005
29,del,R,0.949,0.871,0.247,1.063,0.01,0.043,0.031,0.018
29,ins,R,0.937,0.812,0.343,0.972,0.01,0.023,0.037,0.032
29,stop,R,0,-0.007,-0.004,0.018,0.06,0.512,0.035,0.097
29,syn,R,1.015,1.019,1.012,1.009,0.005,0.007,0.004,0.007
30,del,N,0.802,0.703,-0.083,0.913,0.011,0.092,0.063,0.024
30,ins,N,0.825,0.7,-0.158,0.955,0.008,0.049,0.08,0.025
30,stop,N,-0.134,-0.019,-0.125,-0.043,0.097,0.587,0.063,0.16
30,syn,N,0.988,0.989,0.994,0.996,0.003,0.016,0.003,0.008
31,del,E,0.893,0.778,0.208,0.873,0.015,0.054,0.03,0.036
31,ins,E,0.984,0.893,0.87,1.062,0.01,0.032,0.013,0.037
31,stop,E,0.003,0.011,0.028,0.014,0.044,0.519,0.022,0.096
31,syn,E,1.002,1.008,1.003,1.002,0.005,0.006,0.004,0.005
32,del,F,0.935,0.805,0.651,0.896,0.007,0.055,0.024,0.052
32,ins,F,1.018,0.921,0.937,1.105,0.008,0.022,0.003,0.016
32,stop,F,-0.021,-0.026,-0.026,-0.018,0.073,0.52,0.021,0.117
32,syn,F,1.048,1.068,1.041,1.051,0.008,0.021,0.007,0.008
33,del,R,0.894,0.737,0.199,0.445,0.007,0.074,0.037,0.07
33,ins,R,0.947,0.82,0.649,0.972,0.006,0.028,0.029,0.036
33,stop,R,0.043,0.013,0.05,0.019,0.047,0.501,0.01,0.087
33,syn,R,1.003,1.01,1.002,1.005,0.004,0.006,0.003,0.006
34,del,Y,0.492,0.363,-0.141,-0.114,0.006,0.229,0.032,0.182
34,ins,Y,0.56,0.477,-0.108,0.188,0.011,0.119,0.003,0.023
34,stop,Y,0.005,0.031,0.056,0.01,0.059,0.507,0.017,0.107
34,syn,Y,1.016,1.025,1.013,1.022,0.006,0.011,0.006,0.007
35,del,F,0.556,0.402,-0.049,0.023,0.016,0.207,0.036,0.097
35,ins,F,0.374,0.229,-0.074,-0.074,0.015,0.29,0.019,0.109
35,stop,F,0.033,-0.001,-0.032,0.008,0.057,0.511,0.012,0.114
35,syn,F,1.017,1.027,1.018,1.025,0.009,0.013,0.007,0.01
36,del,Q,0.715,0.796,-0.018,0.681,0.009,0.071,0.021,0.011
36,ins,Q,0.151,0.096,-0.089,-0.108,0.034,0.401,0.024,0.142
36,stop,Q,0.005,-0.007,-0.003,-0.006,0.041,0.518,0.019,0.119
36,syn,Q,0.997,0.991,0.993,0.996,0.009,0.015,0.008,0.01
37,del,R,0.847,0.849,0.115,0.843,0.012,0.059,0.023,0.013
37,ins,R,0.017,-0.01,-0.138,-0.081,0.019,0.547,0.036,0.12
37,stop,R,0.039,-0.012,0,-0.011,0.021,0.54,0.012,0.103
37,syn,R,0.968,0.961,0.971,0.965,0.01,0.015,0.007,0.011
38,del,M,0.8505,0.851,0.599,0.806,0.0165,0.0325,0.029,0.0315
38,ins,M,-0.083,0.3975,-0.093,0.1275,0.023,0.1155,0.024,0.0265
38,stop,M,-0.0165,-0.007,-0.0405,-0.0195,0.05,0.2875,0.019,0.052
38,syn,M,,,,,,,,
39,del,T,0.9925,0.992,0.9925,0.979,0.012,0.013,0.008,0.0205
39,ins,T,0.8925,0.8895,0.3785,0.894,0.0125,0.013,0.0605,0.0145
39,stop,T,-0.007,-0.007,-0.0085,-0.000999999999999999,0.015,0.2785,0.0275,0.0645
39,syn,T,0.9905,0.9895,0.9895,0.981,0.011,0.0105,0.0065,0.013
40,del,T,0.985,0.9885,0.996,0.9865,0.011,0.0115,0.004,0.007
40,ins,T,0.9375,0.942,0.871,0.876,0.0115,0.0125,0.0135,0.0115
40,stop,T,-0.0105,-0.013,-0.008,-0.01,0.039,0.273,0.0255,0.077
40,syn,T,1.01,1.0085,1.0095,1.0145,0.009,0.0105,0.008,0.0135
41,del,T,0.974,0.986,0.984,0.957,0.008,0.015,0.005,0.024
41,ins,T,0.864,0.9,0.585,0.823,0.019,0.015,0.05,0.021
41,stop,T,-0.015,-0.037,-0.014,-0.008,0.022,0.049,0.032,0.036
41,syn,T,1.009,1.002,0.995,1,0.01,0.01,0.009,0.021
42,del,S,0.973,0.976,0.981,0.941,0.016,0.012,0.01,0.033
42,ins,S,0.835,0.868,0.291,0.876,0.016,0.014,0.072,0.017
42,stop,S,-0.013,0.003,0.007,-0.002,0.028,0.023,0.02,0.027
42,syn,S,1.007,1.005,1.006,1.015,0.002,0.003,0.002,0.007
43,del,S,0.9585,0.971,0.951,0.8855,0.107,0.125,0.108,0.231
43,ins,S,0.975,0.986,0.929,0.938,0.02,0.014,0.021,0.027
43,stop,S,0.016,0.013,-0.012,-0.018,0.038,0.033,0.016,0.022
43,syn,S,1.004,0.999,1.002,1.004,0.011,0.01,0.008,0.024
44,del,V,0.992,0.993,0.996,0.974,0.011,0.009,0.008,0.021
44,ins,V,0.896,0.914,0.759,0.881,0.018,0.014,0.027,0.014
44,stop,V,0.014,0.015,-0.003,0.04,0.043,0.01,0.021,0.015
44,syn,V,1.023,1.022,1.019,1.051,0.008,0.004,0.004,0.011
45,del,E,0.983,0.981,0.992,0.964,0.007,0.01,0.006,0.027
45,ins,E,0.867,0.884,0.597,0.876,0.016,0.013,0.044,0.014
45,stop,E,0.005,0.005,0.024,0.035,0.007,0.032,0.018,0.014
45,syn,E,1.016,1.019,1.015,1.044,0.008,0.005,0.007,0.011
46,del,G,0.826,0.841,0.651,0.765,0.011,0.016,0.034,0.036
46,ins,G,0.867,0.884,0.597,0.876,0.016,0.013,0.044,0.014
46,stop,G,-0.033,-0.018,-0.021,-0.065,0.043,0.089,0.023,0.014
46,syn,G,0.992,0.991,0.993,0.996,0.011,0.008,0.008,0.018
47,del,K,-0.031,0.286,-0.141,0.187,0.018,0.026,0.042,0.047
47,ins,K,0.437,0.546,-0.118,0.444,0.021,0.027,0.015,0.017
47,stop,K,-0.032,-0.004,0.001,-0.021,0.011,0.018,0.011,0.033
47,syn,K,0.993,0.994,0.997,0.993,0.007,0.007,0.002,0.005
48,del,Q,-0.064,0.296,-0.113,0.2,0.01,0.039,0.022,0.036
48,ins,Q,-0.098,0.078,-0.112,0.101,0.013,0.042,0.009,0.015
48,stop,Q,0.007,0.014,0.033,0.02,0.019,0.025,0.018,0.024
48,syn,Q,1.007,1.008,1.006,1.027,0.008,0.008,0.007,0.033
49,del,N,-0.098,0.061,-0.103,0.014,0.012,0.063,0.025,0.04
49,ins,N,-0.099,0.015,-0.121,-0.014,0.042,0.029,0.01,0.052
49,stop,N,-0.009,0.02,0.015,0.025,0.034,0.035,0.036,0.013
49,syn,N,1.017,1.017,1.015,1.031,0.013,0.013,0.011,0.03
50,del,L,-0.089,-0.112,-0.127,-0.184,0.014,0.013,0.023,0.024
50,ins,L,-0.078,-0.073,-0.101,-0.127,0.039,0.031,0.006,0.023
50,stop,L,0.024,0.004,0.005,0.002,0.069,0.024,0.006,0.02
50,syn,L,1.011,1.009,1.005,1.018,0.013,0.006,0.005,0.017
51,del,V,-0.106,-0.115,-0.115,-0.167,0.019,0.039,0.026,0.03
51,ins,V,-0.067,-0.088,-0.104,-0.131,0.035,0.017,0.035,0.012
51,stop,V,0.011,0.022,0,0.077,0.022,0.017,0.018,0.023
51,syn,V,1.069,1.067,1.026,1.262,0.055,0.094,0.083,0.227
52,del,I,-0.08,-0.098,-0.109,-0.164,0.053,0.007,0.025,0.025
52,ins,I,-0.072,-0.08,-0.097,-0.124,0.024,0.062,0.008,0.03
52,stop,I,0.027,0.014,0.015,0.056,0.023,0.01,0.012,0.011
52,syn,I,0.893,0.888,0.892,0.717,0.016,0.014,0.011,0.026
53,del,M,-0.1,-0.109,-0.119,-0.154,0.037,0.013,0.027,0.011
53,ins,M,-0.099,-0.138,-0.145,-0.198,0.017,0.037,0.005,0.042
53,stop,M,0.032,0.033,0.034,0.045,0.052,0.03,0.017,0.011
53,syn,M,,,,,,,,
54,del,G,-0.088,-0.135,-0.139,-0.217,0.016,0.042,0.041,0.007
54,ins,G,-0.099,-0.138,-0.145,-0.198,0.017,0.037,0.005,0.042
54,stop,G,-0.001,0.025,0.02,0.003,0.011,0.034,0.014,0.03
54,syn,G,0.993,0.99,0.991,0.963,0.006,0.006,0.007,0.014
55,del,K,-0.134,-0.171,-0.149,-0.242,0.026,0.033,0.049,0.026
55,ins,K,-0.129,-0.123,-0.139,-0.195,0.041,0.02,0.055,0.034
55,stop,K,0.018,-0.007,-0.007,0.011,0.038,0.05,0.036,0.019
55,syn,K,0.994,0.992,0.992,0.988,0.012,0.013,0.011,0.027
56,del,K,-0.128,-0.107,-0.117,-0.228,0.015,0.043,0.046,0.025
56,ins,K,-0.103,-0.12,-0.107,-0.178,0.032,0.065,0.025,0.026
56,stop,K,0.025,0.01,0.014,-0.007,0.045,0.035,0.013,0.024
56,syn,K,0.981,0.991,0.993,0.958,0.007,0.008,0.007,0.018
57,del,T,,,,,,,,
57,ins,T,,,,,,,,
57,stop,T,,,,,,,,
57,syn,T,0.841,0.905,0.978,1.05,0.199,0.156,0.145,0.359
58,del,W,-0.149,-0.134,-0.157,-0.206,0.037,0.036,0.021,0.015
58,ins,W,-0.154,-0.127,-0.165,-0.189,0.008,0.03,0.017,0.024
58,stop,W,0.003,0.017,0.009,0.041,0.052,0.014,0.019,0.016
58,syn,W,,,,,,,,
59,del,F,-0.146,-0.166,-0.158,-0.288,0.017,0.023,0.039,0.013
59,ins,F,-0.025,0.039,-0.1,0.106,0.015,0.053,0.019,0.019
59,stop,F,-0.001,0.005,-0.005,-0.013,0.04,0.036,0.019,0.033
59,syn,F,0.991,0.991,0.986,0.979,0.004,0.007,0.004,0.008
60,del,S,-0.124,-0.115,-0.133,-0.238,0.04,0.039,0.032,0.015
60,ins,S,0.08,0.137,-0.112,0.044,0.034,0.024,0.04,0.033
60,stop,S,-0.033,-0.004,0.016,-0.036,0.047,0.033,0.053,0.034
60,syn,S,0.99,0.992,0.994,0.974,0.012,0.012,0.01,0.026
61,del,I,-0.107,-0.121,-0.145,-0.203,0.017,0.041,0.01,0.022
61,ins,I,0.153,0.262,-0.132,0.59,0.007,0.058,0.006,0.02
61,stop,I,-0.025,-0.026,-0.037,-0.031,0.027,0.026,0.013,0.009
61,syn,I,0.984,0.986,0.993,0.984,0.008,0.011,0.008,0.019
62,del,P,0.128,0.184,-0.14,0.542,0.014,0.048,0.006,0.029
62,ins,P,-0.017,0.09,-0.104,0.387,0.045,0.073,0.016,0.038
62,stop,P,-0.043,-0.036,-0.037,-0.004,0.018,0.016,0.015,0.024
62,syn,P,0.996,0.998,0.999,0.997,0.01,0.007,0.006,0.017
63,del,E,0.013,0.141,-0.16,0.413,0.038,0.067,0.03,0.033
63,ins,E,0.105,0.222,-0.137,0.364,0.062,0.035,0.033,0.025
63,stop,E,0.01,0.007,0.031,0.009,0.028,0.032,0.011,0.016
63,syn,E,0.989,0.984,0.987,0.974,0.006,0.007,0.006,0.02
64,del,K,-0.002,0.098,-0.119,0.346,0.006,0.056,0.033,0.038
64,ins,K,-0.036,0.056,-0.1,0.301,0.06,0.037,0.019,0.015
64,stop,K,0.022,0.018,0.023,0.017,0.015,0.023,0.016,0.011
64,syn,K,1.001,1.005,1.004,1.008,0.002,0.003,0.001,0.003
65,del,N,0.048,0.149,-0.178,0.473,0.011,0.051,0.02,0.039
65,ins,N,-0.059,0.087,-0.121,0.285,0.019,0.04,0.016,0.023
65,stop,N,0.002,-0.023,-0.01,-0.03,0.004,0.006,0.029,0.008
65,syn,N,0.999,0.998,1,0.995,0.006,0.005,0.005,0.016
66,del,R,-0.123,0.114,-0.146,0.31,0.005,0.045,0.029,0.018
66,ins,R,0.398,0.515,-0.141,0.871,0.026,0.039,0.014,0.038
66,stop,R,-0.012,-0.015,0.017,-0.01,0.05,0.028,0.01,0.008
66,syn,R,0.992,0.988,0.994,0.991,0.004,0.006,0.006,0.008
67,del,P,0.394,0.453,-0.146,0.837,0.002,0.027,0.013,0.038
67,ins,P,0.25,0.461,-0.085,0.879,0.032,0.025,0.023,0.025
67,stop,P,0.02,0.009,-0.008,-0.013,0.019,0.036,0.018,0.025
67,syn,P,1.004,1.003,1.006,1.005,0.003,0.004,0.004,0.03
68,del,L,0.507,0.525,-0.141,0.421,0.008,0.028,0.022,0.033
68,ins,L,0.071,0.47,-0.163,0.405,0.016,0.04,0.018,0.018
68,stop,L,0.036,-0.008,0.012,-0.022,0.076,0.012,0.034,0.033
68,syn,L,1.005,1.005,1.007,1.026,0.003,0.008,0.004,0.007
69,del,K,0.167,0.32,-0.147,-0.028,0.015,0.041,0.04,0.021
69,ins,K,-0.058,0.296,-0.124,0.253,0.017,0.038,0.016,0.018
69,stop,K,-0.028,-0.044,-0.007,-0.001,0.044,0.018,0.008,0.03
69,syn,K,0.993,1,0.997,0.993,0.017,0.018,0.015,0.04
70,del,G,-0.082,-0.072,-0.111,-0.159,0.07,0.054,0.01,0.045
70,ins,G,-0.058,0.296,-0.124,0.253,0.017,0.038,0.016,0.018
70,stop,G,-0.015,-0.002,-0.008,-0.038,0.045,0.047,0.022,0.02
70,syn,G,0.977,0.991,0.989,0.971,0.006,0.009,0.007,0.014
71,del,R,0.686,0.742,-0.081,0.973,0.016,0.019,0.02,0.012
71,ins,R,-0.028,0.317,-0.152,0.14,0.062,0.016,0.029,0.023
71,stop,R,0.039,0.032,0.003,0.023,0.065,0.047,0.017,0.02
71,syn,R,0.983,0.98,0.983,0.953,0.008,0.011,0.004,0.012
72,del,I,-0.119,-0.112,-0.122,-0.178,0.054,0.082,0.029,0.051
72,ins,I,-0.109,-0.167,-0.167,-0.228,0.026,0.007,0.018,0.04
72,stop,I,-0.005,-0.056,-0.041,-0.049,0.031,0.033,0.019,0.043
72,syn,I,0.994,0.998,1,0.985,0.006,0.007,0.005,0.011
73,del,N,-0.076,0.164,-0.133,-0.23,0.012,0.043,0.011,0.023
73,ins,N,-0.125,-0.108,-0.114,-0.187,0.025,0.017,0.011,0.037
73,stop,N,-0.015,0.008,0.008,0.013,0.015,0.028,0.003,0.01
73,syn,N,1.005,1.01,1.006,1.013,0.004,0.004,0.005,0.008
74,del,L,-0.092,-0.117,-0.123,-0.208,0.038,0.026,0.015,0.019
74,ins,L,-0.078,-0.085,-0.102,-0.15,0.011,0.047,0.017,0.047
74,stop,L,-0.001,0.012,0.017,-0.003,0.022,0.041,0.007,0.033
74,syn,L,1.007,1.011,1.005,1.017,0.009,0.005,0.005,0.011
75,del,V,-0.1105,-0.116,-0.1185,-0.147,0.054,0.036,0.039,0.024
75,ins,V,-0.056,-0.033,-0.087,-0.136,0.045,0.0465,0.033,0.011
75,stop,V,0.003,-5e-04,0.004,0.0205,0.051,0.0405,0.0235,0.017
75,syn,V,0.997,0.9955,0.9915,0.9925,0.0075,0.008,0.006,0.017
76,del,L,-0.108,-0.109,-0.1145,-0.171,0.055,0.059,0.045,0.0175
76,ins,L,-0.067,-0.034,-0.0845,-0.074,0.054,0.0335,0.046,0.0185
76,stop,L,0.0235,0.0175,-0.0015,0.013,0.036,0.0505,0.033,0.025
76,syn,L,0.9975,0.994,0.996,0.997,0.0075,0.0065,0.0065,0.009
77,del,S,-0.103,-0.088,-0.121,-0.1675,0.033,0.0405,0.0505,0.027
77,ins,S,0.1165,0.259,-0.1165,0.237,0.0475,0.038,0.014,0.019
77,stop,S,-0.0065,-0.011,0.0175,-0.011,0.0505,0.048,0.021,0.0195
77,syn,S,1.008,1.0095,1.007,1.0185,0.0055,0.0065,0.005,0.0145
78,del,R,-0.06,-0.081,-0.042,-0.099,0.084,0.052,0.071,0.04
78,ins,R,0.372,0.501,-0.009,0.444,0.009,0.007,0.016,0.015
78,stop,R,0.018,0.021,-0.014,0.005,0.027,0.063,0.048,0.024
78,syn,R,0.971,0.981,0.974,0.98,0.01,0.01,0.01,0.006
79,del,E,-0.052,-0.051,-0.122,-0.121,0.064,0.09,0.007,0.042
79,ins,E,0.385,0.509,-0.092,0.472,0.031,0.015,0.017,0.005
79,stop,E,-0.003,0.027,0.012,0.021,0.025,0.052,0.047,0.012
79,syn,E,0.968,0.969,0.966,0.97,0.012,0.011,0.007,0.008
80,del,L,-0.049,0.066,-0.133,0.022,0.05,0.066,0.049,0.044
80,ins,L,0.118,0.277,-0.103,0.2,0.082,0.019,0.026,0.025
80,stop,L,-0.003,0.016,0.007,0.025,0.042,0.043,0.01,0.024
80,syn,L,0.986,0.993,0.986,0.993,0.017,0.017,0.014,0.013
81,del,K,-0.062,-0.05,-0.143,-0.094,0.086,0.014,0.009,0.028
81,ins,K,0.206,0.298,-0.091,0.267,0.027,0.02,0.015,0.013
81,stop,K,0,-0.026,-0.017,0.006,0.07,0.064,0.058,0.009
81,syn,K,0.987,0.985,0.987,0.99,0.013,0.011,0.011,0.01
82,del,E,-0.093,-0.064,-0.167,-0.12,0.057,0.007,0.017,0.024
82,ins,E,0.021,0.12,-0.083,0.106,0.097,0.039,0.049,0.014
82,stop,E,0.024,0.014,0.01,0.019,0.061,0.037,0.016,0.018
82,syn,E,0.974,0.986,0.986,0.982,0.012,0.009,0.007,0.007
83,del,P,-0.072,-0.039,-0.102,-0.055,0.088,0.063,0.056,0.011
83,ins,P,-0.048,-0.055,-0.107,-0.069,0.057,0.059,0.008,0.057
83,stop,P,0.011,0.009,0.008,0,0.07,0.042,0.008,0.017
83,syn,P,0.981,0.987,0.985,0.989,0.01,0.009,0.008,0.008
84,del,P,-0.072,-0.039,-0.102,-0.055,0.088,0.063,0.056,0.011
84,ins,P,-0.056,-0.033,-0.11,-0.104,0.077,0.038,0.019,0.029
84,stop,P,0.021,-0.004,0.028,0.012,0.055,0.049,0.009,0.025
84,syn,P,0.976,0.971,0.981,0.98,0.003,0.005,0.002,0.002
85,del,Q,-0.075,-0.097,-0.166,-0.108,0.067,0.081,0.018,0.043
85,ins,Q,-0.061,-0.061,-0.098,-0.09,0.058,0.037,0.073,0.043
85,stop,Q,-0.018,-0.016,0.025,-0.02,0.063,0.058,0.047,0.009
85,syn,Q,0.983,0.985,0.994,0.99,0.005,0.004,0.005,0.002
86,del,G,-0.062,-0.09,-0.139,-0.123,0.077,0.052,0.046,0.016
86,ins,G,-0.061,-0.061,-0.098,-0.09,0.058,0.037,0.073,0.043
86,stop,G,0.008,0.013,-0.011,0.01,0.049,0.043,0.007,0.024
86,syn,G,0.982,0.981,0.988,0.987,0.015,0.013,0.011,0.012
87,del,A,-0.076,-0.082,-0.089,-0.125,0.07,0.037,0.065,0.02
87,ins,A,-0.054,-0.074,-0.155,-0.116,0.079,0.029,0.058,0.028
87,stop,A,-0.031,0.008,0.003,-0.024,0.051,0.088,0.073,0.038
87,syn,A,0.988,0.982,0.984,0.987,0.008,0.007,0.007,0.006
88,del,H,0.746,0.81,0.733,0.77,0.018,0.014,0.018,0.014
88,ins,H,-0.088,-0.087,-0.076,-0.096,0.059,0.062,0.043,0.014
88,stop,H,-0.005,0.006,-0.018,-0.022,0.074,0.031,0.012,0.033
88,syn,H,0.971,0.977,0.978,0.98,0.008,0.006,0.01,0.005
89,del,F,0.392,0.477,0.092,0.42,0.037,0.009,0.008,0.012
89,ins,F,-0.075,-0.04,-0.088,-0.113,0.072,0.038,0.047,0.012
89,stop,F,0.011,-0.033,-0.003,-0.018,0.074,0.067,0.03,0.024
89,syn,F,0.972,0.974,0.984,0.98,0.009,0.006,0.002,0.002
90,del,L,-0.083,-0.057,-0.117,-0.107,0.075,0.072,0.028,0.006
90,ins,L,-0.095,-0.105,-0.161,-0.139,0.07,0.067,0.025,0.018
90,stop,L,-0.001,-0.017,-0.025,-0.002,0.062,0.055,0.018,0.015
90,syn,L,0.994,0.994,0.993,0.998,0.005,0.009,0.004,0.005
91,del,S,-0.078,-0.091,-0.161,-0.129,0.073,0.078,0.064,0.026
91,ins,S,-0.058,-0.121,-0.143,-0.131,0.074,0.056,0.01,0.014
91,stop,S,-0.026,-0.017,0.006,0.005,0.039,0.058,0.08,0.012
91,syn,S,0.986,0.987,0.991,0.987,0.015,0.012,0.01,0.011
92,del,R,-0.063,-0.108,-0.099,-0.123,0.027,0.043,0.026,0.013
92,ins,R,-0.097,-0.103,-0.109,-0.106,0.066,0.058,0.027,0.022
92,stop,R,-0.012,0.006,0.004,0.009,0.055,0.053,0.019,0.028
92,syn,R,0.968,0.978,0.979,0.977,0.005,0.007,0.011,0.004
93,del,S,-0.1,-0.095,-0.149,-0.12,0.047,0.045,0.049,0.01
93,ins,S,-0.078,-0.119,-0.128,-0.115,0.102,0.048,0.016,0.024
93,stop,S,-0.014,-0.011,-0.004,0.021,0.058,0.084,0.009,0.018
93,syn,S,0.982,0.982,0.979,0.98,0.009,0.009,0.007,0.008
94,del,L,-0.116,-0.081,-0.179,-0.14,0.098,0.119,0.055,0.024
94,ins,L,-0.074,-0.082,-0.107,-0.122,0.027,0.055,0.035,0.045
94,stop,L,0.002,-0.002,0.012,-0.033,0.081,0.044,0.04,0.035
94,syn,L,0.986,0.984,0.991,0.985,0.014,0.01,0.013,0.009
95,del,D,-0.064,-0.06,-0.141,-0.115,0.063,0.064,0.009,0.019
95,ins,D,-0.051,-0.11,-0.153,-0.139,0.079,0.047,0.017,0.029
95,stop,D,0.028,-0.025,-0.036,-0.002,0.078,0.057,0.028,0.037
95,syn,D,0.974,0.98,0.984,0.987,0.016,0.011,0.008,0.008
96,del,D,-0.064,-0.06,-0.141,-0.115,0.063,0.064,0.009,0.019
96,ins,D,-0.113,-0.078,-0.117,-0.126,0.083,0.081,0.022,0.046
96,stop,D,0,-0.004,0.021,-0.014,0.062,0.074,0.036,0.039
96,syn,D,0.971,0.971,0.973,0.968,0.017,0.014,0.012,0.011
97,del,A,-0.072,-0.092,-0.131,-0.112,0.067,0.032,0.024,0.011
97,ins,A,-0.098,-0.128,-0.168,-0.141,0.07,0.03,0.044,0.018
97,stop,A,0.008,-0.013,-0.013,-0.018,0.04,0.05,0.014,0.022
97,syn,A,0.986,0.988,0.986,0.987,0.008,0.007,0.006,0.006
98,del,L,-0.048,-0.089,-0.104,-0.109,0.072,0.062,0.013,0.014
98,ins,L,0.445,0.527,0.209,0.525,0.022,0.015,0.016,0.02
98,stop,L,-0.032,-0.029,-0.017,-0.063,0.022,0.042,0.02,0.008
98,syn,L,0.971,0.976,0.978,0.98,0.008,0.005,0.006,0.004
99,del,K,-0.057,-0.065,-0.099,-0.1,0.083,0.061,0.054,0.022
99,ins,K,0.214,0.298,-0.054,0.336,0.038,0.028,0.004,0.012
99,stop,K,-0.004,0.022,-0.005,0.018,0.049,0.047,0.007,0.02
99,syn,K,1.02,1.017,1.017,1.017,0.007,0.005,0.005,0.005
100,del,L,-0.01,-0.054,-0.073,-0.069,0.057,0.054,0.021,0.005
100,ins,L,0.278,0.316,0.016,0.3,0.041,0.019,0.007,0.013
100,stop,L,0.062,0.038,0.032,0.036,0.06,0.035,0.013,0.012
100,syn,L,1.041,1.039,1.033,1.035,0.006,0.003,0.003,0.003
101,del,T,0.005,0.009,-0.076,-0.024,0.057,0.051,0.023,0.009
101,ins,T,0.543,0.618,0.44,0.589,0.015,0.012,0.005,0.007
101,stop,T,0.043,0.04,0.024,0.047,0.071,0.035,0.01,0.022
101,syn,T,1.034,1.028,1.027,1.023,0.006,0.005,0.004,0.005
102,del,E,0,0.003,-0.081,-0.024,0.065,0.023,0.008,0.011
102,ins,E,0.425,0.505,0.213,0.483,0.031,0.016,0.013,0.017
102,stop,E,-0.142,-0.022,-0.015,-0.022,0.021,0.156,0.069,0.025
102,syn,E,0.989,0.989,0.992,0.993,0.011,0.009,0.007,0.008
103,del,Q,-0.037,0.016,-0.098,-0.016,0.078,0.062,0.019,0.008
103,ins,Q,0.412,0.494,0.188,0.454,0.019,0.009,0.017,0.012
103,stop,Q,0.024,0.007,0.01,-0.004,0.064,0.041,0.029,0.009
103,syn,Q,0.965,0.973,0.976,0.977,0.011,0.005,0.004,0.005
104,del,P,0.968,0.976,0.977,0.981,0.006,0.005,0.005,0.004
104,ins,P,1.017,1.049,1.016,0.996,0.009,0.009,0.006,0.009
104,stop,P,0.013,0.017,0.019,0.021,0.061,0.058,0.018,0.008
104,syn,P,1.013,1.011,1.009,1.007,0.006,0.005,0.004,0.006
105,del,E,0.25,0.319,-0.033,0.306,0.031,0.037,0.015,0.013
105,ins,E,0.688,0.772,0.617,0.719,0.012,0.014,0.006,0.011
105,stop,E,0.006,0.006,-0.036,-0.005,0.054,0.032,0.008,0.005
105,syn,E,1.009,1.009,1.004,1.006,0.004,0.005,0.002,0.003
106,del,L,-0.148,-0.166,-0.22,-0.174,0.08,0.065,0.027,0.036
106,ins,L,0.023,0.057,-0.07,0.027,0.055,0.036,0.008,0.007
106,stop,L,-0.058,-0.056,-0.053,-0.062,0.069,0.089,0.03,0.022
106,syn,L,0.982,0.982,0.985,0.982,0.005,0.006,0,0.001
107,del,A,0.032,0.147,-0.159,0.085,0.042,0.006,0.041,0.008
107,ins,A,0.028,0.063,-0.058,0.048,0.054,0.044,0.008,0.019
107,stop,A,0.049,0.028,0.015,0.023,0.054,0.024,0.012,0.014
107,syn,A,1.042,1.037,1.036,1.033,0.004,0.003,0.002,0.002
108,del,N,0.238,0.342,-0.099,0.276,0.033,0.022,0.019,0.022
108,ins,N,-0.018,0.023,-0.108,-0.012,0.026,0.043,0.009,0.016
108,stop,N,0.023,0.017,0.021,0.013,0.061,0.04,0.026,0.011
108,syn,N,1.026,1.022,1.019,1.022,0.005,0.004,0.004,0.003
109,del,K,0.538,0.635,0.493,0.537,0.054,0.024,0.03,0.032
109,ins,K,-0.055,0.013,-0.117,-0.031,0.081,0.047,0.008,0.031
109,stop,K,0.017,0.017,0.021,0.018,0.074,0.04,0.014,0.013
109,syn,K,0.987,0.986,0.991,0.989,0.01,0.007,0.007,0.006
110,del,V,-0.08,-0.078,-0.153,-0.134,0.041,0.047,0.008,0.041
110,ins,V,0.012,0.146,-0.114,0.093,0.047,0.039,0.007,0.019
110,stop,V,-0.05,-0.049,-0.082,-0.026,0.092,0.089,0.036,0.055
110,syn,V,0.945,0.953,0.96,0.957,0.008,0.008,0.005,0.003
111,del,D,-0.074,-0.075,-0.108,-0.103,0.081,0.062,0.008,0.017
111,ins,D,-0.039,0.048,-0.087,-0.003,0.058,0.044,0.031,0.016
111,stop,D,0.006,-0.008,-0.015,-0.006,0.061,0.052,0.002,0.008
111,syn,D,0.983,0.983,0.982,0.986,0.009,0.004,0.004,0.005
112,del,M,-0.06,0.2615,-0.115,0.155,0.046,0.0235,0.02,0.02
112,ins,M,-0.0555,-0.058,-0.0865,-0.095,0.048,0.035,0.0195,0.0285
112,stop,M,-0.0145,0.0055,0.0015,-0.007,0.044,0.0345,0.034,0.013
112,syn,M,,,,,,,,
113,del,V,-0.0595,-0.053,-0.0895,-0.077,0.0385,0.047,0.0245,0.0155
113,ins,V,-0.085,-0.0825,-0.133,-0.1,0.0365,0.078,0.035,0.0345
113,stop,V,0.02,0.017,0.02,5e-04,0.0325,0.038,0.028,0.0145
113,syn,V,1.004,1.0055,1.0015,1.004,0.0105,0.009,0.01,0.0085
114,del,W,-0.0605,-0.0755,-0.077,-0.099,0.054,0.0635,0.02,0.023
114,ins,W,-0.083,-0.0745,-0.087,-0.098,0.047,0.059,0.0215,0.0285
114,stop,W,-0.005,-0.013,-0.004,-0.004,0.049,0.0605,0.022,0.037
114,syn,W,,,,,,,,
115,del,I,-0.035,0.012,-0.02,-0.023,0.029,0.017,0.013,0.059
115,ins,I,-0.058,-0.037,-0.053,-0.056,0.046,0.02,0.042,0.025
115,stop,I,0.008,0,0.033,0.005,0.017,0.026,0.035,0.029
115,syn,I,1.013,1.014,1.01,1.013,0.007,0.006,0.005,0.004
116,del,V,-0.077,0.001,-0.074,-0.053,0.043,0.043,0.035,0.015
116,ins,V,0.143,0.598,-0.079,0.344,0.006,0.012,0.026,0.036
116,stop,V,0.036,0.019,0.022,0.025,0.027,0.027,0.019,0.017
116,syn,V,1.014,1.019,1.019,1.017,0.011,0.012,0.01,0.014
117,del,G,0.51,0.68,-0.071,0.579,0.011,0.009,0.01,0.016
117,ins,G,0.143,0.598,-0.079,0.344,0.006,0.012,0.026,0.036
117,stop,G,0.02,0.025,0.027,0,0.037,0.022,0.036,0.023
117,syn,G,0.995,1,1.001,0.996,0.002,0.002,0.006,0.004
118,del,G,0.51,0.68,-0.071,0.579,0.011,0.009,0.01,0.016
118,ins,G,0.143,0.598,-0.079,0.344,0.006,0.012,0.026,0.036
118,stop,G,-0.065,-0.087,-0.073,-0.023,0.017,0.068,0.058,0.011
118,syn,G,0.986,0.992,0.994,0.993,0.004,0.005,0.006,0.005
119,del,S,0.518,0.716,-0.08,0.701,0.009,0.005,0.019,0.015
119,ins,S,0.371,0.55,-0.076,0.34,0.019,0.015,0.053,0.033
119,stop,S,0.014,0.034,0.013,0.007,0.012,0.005,0.023,0.011
119,syn,S,0.997,0.999,1,1.005,0.006,0.012,0.007,0.006
120,del,S,0.524,0.724,-0.089,0.698,0.008,0.01,0.067,0.021
120,ins,S,0.204,0.515,-0.081,0.31,0.017,0.007,0.03,0.029
120,stop,S,0.04,0.024,0.039,0.005,0.012,0.016,0.009,0.008
120,syn,S,1.007,1.013,1.009,1.014,0.007,0.008,0.006,0.007
121,del,V,-0.092,0.545,-0.059,0.246,0.018,0.01,0.038,0.042
121,ins,V,-0.113,0.086,-0.101,-0.103,0.027,0.017,0.035,0.011
121,stop,V,0.023,0.003,0.01,0.013,0.017,0.012,0.027,0.036
121,syn,V,1.001,1.009,1.003,1.006,0.007,0.006,0.006,0.007
122,del,Y,0.816,0.813,0.238,0.777,0.008,0.009,0.171,0.006
122,ins,Y,-0.057,0.142,-0.047,-0.073,0.029,0.043,0.035,0.028
122,stop,Y,0.015,-0.014,0.01,-0.003,0.014,0.023,0.006,0.015
122,syn,Y,1.007,1.005,1.002,1.009,0.008,0.008,0.008,0.013
123,del,K,0.313,0.514,-0.121,0.358,0.02,0.018,0.03,0.019
123,ins,K,-0.081,0.259,-0.069,-0.051,0.017,0.022,0.043,0.053
123,stop,K,0.044,0.024,0.045,0.025,0.037,0.009,0.028,0.021
123,syn,K,1.008,1.005,0.998,1.002,0.015,0.016,0.014,0.016
124,del,E,-0.027,0.424,-0.081,0.223,0.039,0.011,0.023,0.027
124,ins,E,-0.042,0.319,-0.062,0.009,0.025,0.02,0.022,0.045
124,stop,E,-0.003,0.019,0.008,0.007,0.023,0.035,0.008,0.02
124,syn,E,1.002,1,1.001,0.997,0.004,0.003,0.005,0.004
125,del,A,-0.098,0.25,-0.083,-0.033,0.027,0.007,0.036,0.018
125,ins,A,-0.071,0.343,-0.088,0.085,0.036,0.013,0.036,0.046
125,stop,A,0.039,0.034,0.032,-0.018,0.032,0.009,0.013,0.029
125,syn,A,1.006,1.001,1,1.002,0.007,0.008,0.007,0.007
126,del,M,-0.123,0.098,-0.109,-0.108,0.06,0.021,0.038,0.024
126,ins,M,0.783,0.784,0.571,0.743,0.032,0.015,0.048,0.018
126,stop,M,-0.026,0.033,0.006,0.002,0.03,0.052,0.036,0.033
126,syn,M,,,,,,,,
127,del,N,-0.093,0.154,-0.09,-0.06,0.042,0.034,0.039,0.015
127,ins,N,0.814,0.789,0.591,0.755,0.015,0.016,0.061,0.014
127,stop,N,-0.014,0,-0.001,-0.008,0.011,0.028,0.017,0.016
127,syn,N,1.013,1.012,1.006,1.009,0.015,0.017,0.014,0.017
128,del,H,-0.067,0.194,-0.074,-0.074,0.033,0.015,0.045,0.032
128,ins,H,0.882,0.881,0.709,0.881,0.024,0.017,0.054,0.016
128,stop,H,0.002,0.003,-0.01,-0.001,0.016,0.036,0.016,0.023
128,syn,H,1.007,1.007,1.003,1.003,0.007,0.009,0.005,0.006
129,del,P,0.895,0.887,0.767,0.883,0.006,0.006,0.053,0.011
129,ins,P,0.9,0.888,0.773,0.879,0.015,0.01,0.041,0.014
129,stop,P,-0.046,-0.053,-0.046,-0.052,0.029,0.043,0.041,0.025
129,syn,P,0.99,0.996,0.994,0.989,0.007,0.011,0.007,0.008
130,del,G,1.009,1.008,1.003,1.003,0.01,0.009,0.007,0.009
130,ins,G,0.9,0.888,0.773,0.879,0.015,0.01,0.041,0.014
130,stop,G,0.027,0.002,0.022,-0.004,0.012,0.027,0.016,0.018
130,syn,G,0.974,0.967,0.971,0.966,0.006,0.007,0.007,0.006
131,del,H,0.953,0.948,0.901,0.96,0.007,0.007,0.021,0.005
131,ins,H,0.889,0.872,0.819,0.864,0.016,0.012,0.028,0.021
131,stop,H,-0.008,0.024,0.009,0.015,0.027,0.011,0.018,0.025
131,syn,H,0.99,0.987,0.987,0.986,0.009,0.009,0.01,0.009
132,del,L,0.918,0.879,0.784,0.845,0.012,0.013,0.048,0.009
132,ins,L,0.835,0.834,0.521,0.826,0.015,0.014,0.089,0.014
132,stop,L,0.014,0.011,0,0.013,0.036,0.018,0.009,0.006
132,syn,L,1.004,1.008,1.003,1.006,0.005,0.005,0.004,0.005
133,del,K,0.528,0.551,-0.125,0.413,0.019,0.014,0.041,0.006
133,ins,K,0.233,0.5,-0.107,0.294,0.024,0.013,0.023,0.012
133,stop,K,-0.014,0.015,-0.019,0.013,0.012,0.026,0.032,0.022
133,syn,K,0.989,0.986,0.986,0.986,0.011,0.013,0.01,0.012
134,del,L,-0.056,0.166,-0.087,-0.072,0.072,0.014,0.052,0.029
134,ins,L,-0.128,-0.029,-0.095,-0.077,0.056,0.063,0.043,0.029
134,stop,L,0.036,0.016,-0.016,0.04,0.045,0.042,0.015,0.013
134,syn,L,0.997,0.997,1,0.995,0.005,0.007,0.005,0.008
135,del,F,-0.098,-0.077,-0.09,-0.108,0.027,0.026,0.019,0.028
135,ins,F,-0.094,-0.063,-0.073,-0.065,0.018,0.035,0.006,0.034
135,stop,F,0.016,-0.003,-0.009,0.002,0.014,0.013,0.026,0.026
135,syn,F,0.978,0.972,0.978,0.974,0.009,0.01,0.009,0.01
136,del,V,-0.128,-0.097,-0.107,-0.078,0.026,0.013,0.057,0.025
136,ins,V,-0.087,-0.065,-0.079,-0.08,0.013,0.015,0.081,0.022
136,stop,V,-0.038,-0.053,-0.053,-0.006,0.024,0.027,0.028,0.058
136,syn,V,1.018,1.017,1.021,1.021,0.006,0.007,0.001,0.006
137,del,T,-0.101,-0.08,-0.102,-0.136,0.036,0.015,0.023,0.009
137,ins,T,-0.116,-0.098,-0.1,-0.122,0.018,0.025,0.014,0.021
137,stop,T,-0.003,0.015,0.008,0.02,0.019,0.022,0.013,0.036
137,syn,T,0.994,0.986,0.993,0.991,0.007,0.005,0.005,0.006
138,del,R,-0.115,-0.057,-0.105,-0.066,0.014,0.027,0.041,0.018
138,ins,R,-0.176,-0.001,-0.112,-0.132,0.037,0.056,0.031,0.07
138,stop,R,-0.003,0.003,0.006,-0.014,0.024,0.013,0.025,0.014
138,syn,R,1.016,1.018,1.016,1.022,0.007,0.007,0.007,0.008
139,del,I,-0.068,0.622,-0.106,0.161,0.048,0.018,0.022,0.072
139,ins,I,0.035,0.705,-0.081,0.64,0.013,0.004,0.026,0.007
139,stop,I,0.007,0.007,0.023,0.013,0.039,0.014,0.007,0.032
139,syn,I,0.975,0.988,0.987,0.984,0.006,0.005,0.003,0.006
140,del,M,0.076,0.652,-0.066,0.19,0.01,0.01,0.022,0.083
140,ins,M,0.833,0.863,0.317,0.914,0.02,0.007,0.131,0.01
140,stop,M,0.024,0.026,-0.007,0.021,0.029,0.008,0.026,0.005
140,syn,M,,,,,,,,
141,del,Q,0.187,0.598,-0.049,0.025,0.022,0.015,0.013,0.044
141,ins,Q,0.649,0.822,-0.063,0.87,0.018,0.013,0.023,0.009
141,stop,Q,0.006,-0.01,0.003,0.028,0.035,0.024,0.028,0.028
141,syn,Q,0.998,0.991,0.993,0.989,0.009,0.011,0.008,0.009
142,del,D,-0.111,0.362,-0.047,-0.048,0.095,0.03,0.023,0.063
142,ins,D,0.69,0.78,-0.135,0.847,0.027,0.013,0.043,0.022
142,stop,D,0.029,-0.011,-0.019,0.007,0.012,0.023,0.035,0.034
142,syn,D,1.056,1.05,1.05,1.054,0.007,0.004,0.005,0.006
143,del,F,0.329,0.336,-0.144,-0.085,0.019,0.021,0.022,0.042
143,ins,F,0.71,0.801,-0.086,0.84,0.02,0.009,0.039,0.012
143,stop,F,-0.048,-0.04,-0.022,-0.017,0.06,0.076,0.016,0.037
143,syn,F,0.958,0.961,0.959,0.956,0.008,0.005,0.01,0.01
144,del,E,-0.111,-0.149,-0.101,-0.106,0.036,0.051,0.026,0.046
144,ins,E,0.794,0.83,0.177,0.859,0.017,0.022,0.123,0.011
144,stop,E,0.016,0.01,0.013,0.012,0.012,0.023,0.012,0.033
144,syn,E,0.981,0.978,0.974,0.973,0.008,0.009,0.007,0.009
145,del,S,-0.112,-0.05,-0.089,-0.088,0.046,0.029,0.016,0.028
145,ins,S,0.234,0.755,-0.062,0.745,0.029,0.017,0.017,0.021
145,stop,S,-0.035,-0.021,-0.019,-0.011,0.013,0.042,0.007,0.031
145,syn,S,0.989,0.991,0.99,0.991,0.007,0.005,0.006,0.007
146,del,D,-0.06,-0.053,-0.1,-0.059,0.018,0.023,0.027,0.009
146,ins,D,0.239,0.739,-0.103,0.574,0.006,0.011,0.034,0.088
146,stop,D,0.038,0.05,0.02,0.037,0.007,0.013,0.005,0.03
146,syn,D,1.006,1.005,1.008,1.011,0.004,0.003,0.006,0.003
147,del,T,-0.046,0.105,-0.12,-0.105,0.017,0.009,0.078,0.027
147,ins,T,0.186,0.712,-0.141,0.637,0.028,0.01,0.036,0.041
147,stop,T,-0.063,-0.011,-0.021,-0.042,0.023,0.036,0.019,0.022
147,syn,T,0.994,0.988,0.995,0.996,0.012,0.012,0.008,0.012
148,del,F,-0.06,0.72,-0.074,0.598,0.078,0.022,0.028,0.023
148,ins,F,0.022,0.679,-0.135,0.604,0.025,0.008,0.054,0.022
148,stop,F,-0.007,0,-0.002,-0.014,0.031,0.013,0.006,0.017
148,syn,F,1.006,1.005,1.01,1.006,0.006,0.005,0.005,0.005
149,del,F,0.032,0.7305,-0.0575,0.6235,0.0175,0.015,0.0305,0.018
149,ins,F,0.609,0.768,-0.0735,0.705,0.0165,0.0155,0.037,0.016
149,stop,F,-0.048,-0.0445,-0.0165,-0.024,0.027,0.0485,0.0365,0.0255
149,syn,F,0.977,0.9815,0.984,0.976,0.006,0.0055,0.0055,0.0055
150,del,P,0.8755,0.872,0.8495,0.889,0.011,0.0125,0.0265,0.013
150,ins,P,0.937,0.916,0.813,0.8635,0.018,0.0185,0.0335,0.0155
150,stop,P,-0.052,-0.039,0.0085,-0.062,0.0945,0.0505,0.0535,0.0665
150,syn,P,0.9825,0.988,0.987,0.986,0.0095,0.0095,0.007,0.008
151,del,E,0.9345,0.9235,0.8915,0.905,0.008,0.0075,0.0205,0.0085
151,ins,E,0.7825,0.805,0.314,0.7705,0.0145,0.0095,0.0995,0.014
151,stop,E,0.021,-0.0095,-0.000999999999999999,0.0045,0.028,0.023,0.021,0.0375
151,syn,E,1.0075,1.0065,1.0055,1.0015,0.0045,0.009,0.0045,0.0055
152,del,I,0.872,0.899,0.731,0.908,0.007,0.005,0.033,0.01
152,ins,I,0.786,0.846,0.355,0.827,0.007,0.012,0.114,0.009
152,stop,I,0.034,0.019,0.054,0,0.027,0.041,0.036,0.03
152,syn,I,1.006,1.007,1.002,1.003,0.004,0.003,0.003,0.003
153,del,D,0.697,0.749,0.213,0.75,0.016,0.01,0.105,0.017
153,ins,D,0.797,0.844,0.385,0.844,0.01,0.01,0.107,0.014
153,stop,D,0,-0.055,-0.014,-0.02,0.077,0.031,0.016,0.015
153,syn,D,1.014,1.015,1.009,1.013,0.017,0.016,0.015,0.018
154,del,L,0.933,0.933,0.942,0.978,0.01,0.01,0.011,0.011
154,ins,L,0.938,0.945,0.854,0.923,0.015,0.012,0.025,0.012
154,stop,L,0.02,-0.009,0.018,0.009,0.028,0.028,0.033,0.023
154,syn,L,0.98,0.979,0.983,0.983,0.004,0.007,0.006,0.008
155,del,E,0.845,0.858,0.714,0.885,0.006,0.008,0.041,0.01
155,ins,E,0.981,0.984,0.951,0.957,0.009,0.013,0.015,0.009
155,stop,E,0.006,0.01,-0.007,0.033,0.043,0.044,0.036,0.042
155,syn,E,1.009,1.009,1.008,1.008,0.01,0.01,0.009,0.01
156,del,K,0.808,0.83,0.535,0.843,0.005,0.01,0.074,0.01
156,ins,K,0.951,0.954,0.948,0.92,0.008,0.009,0.009,0.009
156,stop,K,-0.008,-0.007,0.017,-0.032,0.013,0.023,0.007,0.009
156,syn,K,0.985,0.985,0.99,0.988,0.006,0.007,0.004,0.007
157,del,Y,-0.061,0.667,-0.087,0.504,0.058,0.018,0.005,0.022
157,ins,Y,0.494,0.735,-0.072,0.637,0.015,0.01,0.074,0.01
157,stop,Y,0.002,-0.007,0.018,0.012,0.048,0.039,0.03,0.023
157,syn,Y,1.01,1.008,1.005,1.004,0.006,0.005,0.004,0.005
158,del,K,-0.03,0.669,-0.005,0.492,0.085,0.015,0.017,0.012
158,ins,K,-0.09,0.607,-0.13,0.439,0.028,0.02,0.104,0.017
158,stop,K,-0.009,0.033,-0.034,0.006,0.041,0.024,0.016,0.011
158,syn,K,0.988,0.977,0.982,0.981,0.011,0.006,0.003,0.008
159,del,L,0.249,0.735,-0.069,0.659,0.029,0.002,0.015,0.014
159,ins,L,0.138,0.669,-0.096,0.601,0.037,0.022,0.028,0.013
159,stop,L,0.02,0.032,0.027,0.028,0.039,0.01,0.03,0.032
159,syn,L,1.002,0.999,1.002,1.003,0.006,0.004,0.003,0.004
160,del,L,0.249,0.735,-0.069,0.659,0.029,0.002,0.015,0.014
160,ins,L,0.839,0.85,0.727,0.865,0.005,0.012,0.026,0.006
160,stop,L,0.02,0.017,0.031,0.012,0.048,0.01,0.011,0.012
160,syn,L,0.995,0.993,0.994,0.996,0.01,0.007,0.005,0.008
161,del,P,0.946,0.948,0.924,0.985,0.007,0.006,0.011,0.006
161,ins,P,0.809,0.834,0.585,0.832,0.013,0.006,0.069,0.009
161,stop,P,0.045,0.013,0.055,0.043,0.025,0.027,0.027,0.026
161,syn,P,0.988,0.995,0.99,0.991,0.005,0.005,0.004,0.005
162,del,E,0.879,0.889,0.75,0.914,0.004,0.005,0.041,0.005
162,ins,E,0.915,0.916,0.882,0.918,0.023,0.022,0.024,0.023
162,stop,E,0,0.01,0.03,0.004,0.037,0.002,0.006,0.005
162,syn,E,0.967,0.965,0.968,0.968,0.008,0.011,0.008,0.008
163,del,Y,0.819,0.84,0.641,0.875,0.014,0.012,0.047,0.009
163,ins,Y,0.711,0.744,0.273,0.772,0.019,0.019,0.131,0.015
163,stop,Y,0.038,0.183,0.046,0.089,0.058,0.059,0.047,0.042
163,syn,Y,0.92,0.914,0.926,0.916,0.013,0.014,0.013,0.014
164,del,P,0.706,0.75,0.269,0.766,0.024,0.017,0.129,0.018
164,ins,P,0.88,0.886,0.766,0.924,0.006,0.01,0.027,0.003
164,stop,P,,,,,,,,
164,syn,P,1.003,1.005,1.003,1.009,0.006,0.006,0.005,0.005
165,del,G,0.776,0.839,0.264,0.843,0.011,0.008,0.111,0.013
165,ins,G,0.88,0.886,0.766,0.924,0.006,0.01,0.027,0.003
165,stop,G,-0.014,-0.019,-0.018,0.011,0.013,0.023,0.026,0.042
165,syn,G,0.928,0.926,0.936,0.925,0.01,0.013,0.006,0.009
166,del,V,0.863,0.867,0.68,0.889,0.012,0.01,0.063,0.006
166,ins,V,0.895,0.909,0.812,0.932,0.012,0.014,0.029,0.012
166,stop,V,-0.023,-0.015,0.008,0.026,0.017,0.05,0.042,0.027
166,syn,V,0.988,0.996,1,0.995,0.008,0.008,0.006,0.007
167,del,L,0.9,0.914,0.748,0.952,0.008,0.007,0.043,0.008
167,ins,L,0.848,0.87,0.654,0.887,0.018,0.014,0.065,0.013
167,stop,L,0.011,-0.015,-0.02,0.003,0.029,0.021,0.03,0.024
167,syn,L,0.991,0.996,0.998,0.993,0.007,0.007,0.006,0.006
168,del,S,0.809,0.838,0.482,0.87,0.011,0.007,0.087,0.005
168,ins,S,0.958,0.965,0.902,0.978,0.007,0.005,0.02,0.004
168,stop,S,-0.05,0,-0.013,-0.044,0.054,0.019,0.044,0.027
168,syn,S,1,1.002,0.996,0.999,0.01,0.007,0.007,0.007
169,del,D,0.756,0.818,0.219,0.832,0.003,0.005,0.099,0.006
169,ins,D,0.92,0.935,0.793,0.953,0.006,0.007,0.036,0.003
169,stop,D,-0.011,0.013,0.013,0.012,0.034,0.037,0.014,0.033
169,syn,D,1.025,1.018,1.021,1.022,0.009,0.006,0.006,0.007
170,del,V,0.691,0.808,-0.015,0.793,0.009,0.009,0.058,0.007
170,ins,V,0.588,0.784,-0.017,0.766,0.024,0.01,0.014,0.004
170,stop,V,0.043,0.025,0.011,0.051,0.016,0.035,0.028,0.013
170,syn,V,1.012,1.015,1.008,1.009,0.01,0.012,0.009,0.01
171,del,Q,0.506,0.748,-0.057,0.702,0.009,0.011,0.02,0.013
171,ins,Q,0.688,0.792,0.03,0.819,0.009,0.015,0.065,0.009
171,stop,Q,-0.03,0.007,-0.075,0.008,0.032,0.016,0.03,0.02
171,syn,Q,1.019,1.017,1.015,1.021,0.006,0.005,0.006,0.008
172,del,E,0.216,0.705,-0.071,0.616,0.035,0.013,0.027,0.014
172,ins,E,0.819,0.847,0.387,0.854,0.008,0.006,0.122,0.005
172,stop,E,0.025,-0.012,0.029,0.037,0.012,0.01,0.014,0.04
172,syn,E,1.002,0.996,1.002,0.999,0.009,0.008,0.007,0.008
173,del,E,0.216,0.705,-0.071,0.616,0.035,0.013,0.027,0.014
173,ins,E,0.72,0.8,0.01,0.808,0.012,0.006,0.019,0.006
173,stop,E,0.018,0.004,0.006,0.029,0.043,0.047,0.028,0.049
173,syn,E,0.989,0.992,0.984,0.987,0.004,0.009,0.003,0.005
174,del,K,0.464,0.693,-0.089,0.676,0.013,0.017,0.024,0.016
174,ins,K,0.8,0.822,0.459,0.866,0.013,0.007,0.102,0.008
174,stop,K,0.004,-0.125,0.015,-0.146,0.13,0.072,0.053,0.067
174,syn,K,0.912,0.897,0.901,0.917,0.011,0.016,0.034,0.015
175,del,G,,0.374,,0.405,,0.064,,0.069
175,ins,G,0.8,0.822,0.459,0.866,0.013,0.007,0.102,0.008
175,stop,G,-0.017,0.171,-0.107,-0.071,0.094,0.103,0.119,0.086
175,syn,G,0.959,0.961,0.964,0.961,0.004,0.004,0.003,0.004
176,del,I,-0.115,0.526,-0.197,0.236,0.05,0.023,0.049,0.025
176,ins,I,0.487,0.77,-0.015,0.79,0.022,0.016,0.028,0.008
176,stop,I,-0.032,-0.078,-0.029,-0.015,0.034,0.049,0.031,0.022
176,syn,I,1.011,1.014,1.01,1.013,0.007,0.006,0.006,0.006
177,del,K,-0.093,0.534,-0.036,0.197,0.025,0.021,0.033,0.025
177,ins,K,-0.034,0.662,-0.056,0.494,0.043,0.018,0.024,0.009
177,stop,K,-0.007,-0.015,0.037,0.019,0.057,0.035,0.027,0.019
177,syn,K,1.025,1.024,1.019,1.025,0.004,0.004,0.003,0.004
178,del,Y,-0.041,0.004,-0.05,-0.023,0.006,0.024,0.018,0.018
178,ins,Y,-0.05,0.223,-0.067,-0.017,0.054,0.017,0.037,0.018
178,stop,Y,0.008,-0.011,-0.02,-0.013,0.047,0.015,0.008,0.007
178,syn,Y,0.984,0.977,0.987,0.975,0.008,0.008,0.007,0.012
179,del,K,-0.045,-0.083,-0.104,-0.054,0.046,0.017,0.028,0.019
179,ins,K,-0.085,0.044,-0.125,-0.116,0.056,0.019,0.011,0.039
179,stop,K,-0.026,-0.036,-0.008,-0.011,0.035,0.032,0.015,0.042
179,syn,K,1.012,1.012,1.015,1.012,0.004,0.003,0.004,0.002
180,del,F,-0.021,-0.026,-0.058,-0.003,0.038,0.019,0.026,0.027
180,ins,F,-0.071,0.493,-0.098,0.101,0.094,0.02,0.047,0.063
180,stop,F,-0.047,-0.153,-0.121,-0.05,0.068,0.037,0.048,0.067
180,syn,F,0.956,0.956,0.968,0.964,0.009,0.014,0.01,0.01
181,del,E,-0.038,-0.115,-0.078,-0.07,0.018,0.042,0.017,0.027
181,ins,E,0.056,0.631,-0.074,0.463,0.098,0.03,0.039,0.011
181,stop,E,-0.043,-0.027,-0.042,-0.046,0.058,0.025,0.043,0.042
181,syn,E,,,,,,,,
182,del,V,-0.041,-0.079,-0.061,-0.075,0.103,0.043,0.039,0.032
182,ins,V,-0.07,0.001,-0.104,-0.095,0.066,0.029,0.036,0.072
182,stop,V,-0.029,0.004,-0.029,-0.017,0.098,0.027,0.048,0.079
182,syn,V,0.999,1.004,0.995,0.998,0.014,0.017,0.012,0.013
183,del,Y,-0.046,-0.061,-0.098,-0.096,0.049,0.013,0.048,0.028
183,ins,Y,0.744,0.764,0.393,0.716,0.014,0.031,0.112,0.014
183,stop,Y,-0.033,-0.053,-0.046,-0.048,0.035,0.025,0.059,0.035
183,syn,Y,0.968,0.967,0.97,0.959,0.003,0.006,0.004,0.008
184,del,E,0.668,0.747,-0.007,0.643,0.008,0.012,0.029,0.014
184,ins,E,0.876,0.886,0.874,0.858,0.023,0.018,0.014,0.018
184,stop,E,0.046,0.05,0.06,0.043,0.037,0.023,0.015,0.008
184,syn,E,0.995,0.993,0.997,0.993,0.004,0.002,0.004,0.004
185,del,K,0.924,0.923,0.888,0.886,0.007,0.006,0.01,0.006
185,ins,K,1.015,1.016,1.016,1.019,0.008,0.005,0.003,0.002
185,stop,K,0.014,0.026,0.017,0.018,0.059,0.014,0.016,0.026
185,syn,K,0.987,0.991,0.996,0.992,0.008,0.006,0.005,0.007
186,del,N,1.007,1.005,1.005,1.002,0.005,0.004,0.005,0.002
186,ins,N,1.031,1.035,1.03,1.037,0.007,0.007,0.006,0.009
186,stop,N,0.068,0.05,0.06,0.06,0.026,0.024,0.009,0.01
186,syn,N,1.029,1.03,1.028,1.035,0.003,0.005,0.002,0.003
187,del,D,1.046,1.049,1.046,1.051,0.002,0.003,0.004,0.005
187,ins,D,1.013,1.017,1.016,1.017,0.005,0.005,0.004,0.005
187,stop,D,0.038,0.05,0.017,0.054,0.025,0.014,0.005,0.013
187,syn,D,1.034,1.036,1.031,1.032,0.003,0.002,0.002,0.002
