pos,mut_type,aa,score_30,score_35,err_30,err_35
1,del,M,1.0,1.003,0.015,0.005
1,ins,M,1.01,1.014,0.011,0.004
1,stop,M,-0.021,-0.033,0.465,0.036
1,syn,M,,,,
2,del,V,1.01,1.009,0.006,0.006
2,ins,V,1.017,1.007,0.007,0.006
2,stop,V,-0.046,-0.002,0.456,0.077
2,syn,V,0.997,1.001,0.029,0.003
3,del,G,1.029,1.017,0.01,0.007
3,ins,G,1.017,1.007,0.007,0.006
3,stop,G,-0.038,-0.047,0.436,0.059
3,syn,G,1.012,0.999,0.011,0.01
4,del,S,0.99,0.997,0.008,0.006
4,ins,S,1.011,1.006,0.012,0.005
4,stop,S,0.024,0.029,0.458,0.056
4,syn,S,0.987,0.992,0.02,0.008
5,del,L,0.897,0.818,0.014,0.022
5,ins,L,0.782,0.505,0.051,0.025
5,stop,L,-0.012,-0.014,0.469,0.045
5,syn,L,1.0,1.0,0.006,0.001
6,del,N,-0.053,-0.163,0.486,0.102
6,ins,N,-0.022,-0.127,0.489,0.063
6,stop,N,0.0,-0.007,0.462,0.019
6,syn,N,1.0,0.999,0.018,0.011
7,del,C,0.341,-0.111,0.198,0.098
7,ins,C,-0.052,-0.162,0.49,0.008
7,stop,C,-0.014,0.007,0.434,0.061
7,syn,C,0.998,0.997,0.016,0.006
8,del,I,0.053,-0.108,0.392,0.025
8,ins,I,0.069,-0.083,0.443,0.069
8,stop,I,-0.022,-0.034,0.48,0.028
8,syn,I,0.996,1.005,0.015,0.008
9,del,V,0.546,-0.02,0.106,0.033
9,ins,V,0.636,0.016,0.09,0.013
9,stop,V,0.021,-0.016,0.451,0.028
9,syn,V,1.011,1.012,0.016,0.006
10,del,A,0.821,0.581,0.054,0.013
10,ins,A,0.444,-0.075,0.175,0.049
10,stop,A,0.0,-0.005,0.472,0.03
10,syn,A,1.01,1.004,0.015,0.014
11,del,V,0.572,0.058,0.109,0.047
11,ins,V,0.855,0.509,0.04,0.044
11,stop,V,0.009,-0.028,0.42,0.05
11,syn,V,1.017,1.014,0.008,0.006
12,del,S,0.222,-0.117,0.259,0.077
12,ins,S,1.015,1.0,0.025,0.005
12,stop,S,0.026,0.024,0.445,0.009
12,syn,S,1.023,1.006,0.019,0.015
13,del,Q,0.638,0.113,0.072,0.057
13,ins,Q,0.937,0.847,0.016,0.013
13,stop,Q,0.02,0.002,0.426,0.034
13,syn,Q,0.997,0.996,0.005,0.006
14,del,N,0.432,-0.087,0.178,0.04
14,ins,N,1.005,0.997,0.014,0.012
14,stop,N,-0.013,0.017,0.464,0.023
14,syn,N,1.018,1.016,0.015,0.005
15,del,M,0.438,-0.073,0.17,0.036
15,ins,M,0.788,0.322,0.043,0.049
15,stop,M,0.005,0.002,0.457,0.036
15,syn,M,,,,
16,del,G,0.231,-0.094,0.282,0.04
16,ins,G,0.788,0.322,0.043,0.049
16,stop,G,-0.025,0.023,0.437,0.044
16,syn,G,1.005,0.994,0.019,0.01
17,del,I,0.366,-0.113,0.148,0.04
17,ins,I,0.89,0.712,0.026,0.032
17,stop,I,-0.041,-0.033,0.461,0.067
17,syn,I,0.999,0.997,0.01,0.006
18,del,G,0.745,0.45,0.059,0.04
18,ins,G,0.89,0.712,0.026,0.032
18,stop,G,0.028,-0.013,0.42,0.049
18,syn,G,1.003,0.994,0.012,0.007
19,del,K,0.633,0.059,0.085,0.056
19,ins,K,0.979,0.924,0.009,0.01
19,stop,K,0.015,0.043,0.492,0.023
19,syn,K,1.015,1.007,0.019,0.009
20,del,N,0.585,0.121,0.121,0.017
20,ins,N,0.967,0.919,0.016,0.008
20,stop,N,-0.048,0.018,0.447,0.066
20,syn,N,0.991,1.007,0.012,0.006
21,del,G,0.398,-0.076,0.17,0.053
21,ins,G,0.967,0.919,0.016,0.008
21,stop,G,0.004,0.009,0.44,0.061
21,syn,G,0.986,0.998,0.009,0.007
22,del,D,0.756,0.39,0.067,0.049
22,ins,D,0.929,0.854,0.023,0.003
22,stop,D,-0.013,-0.047,0.437,0.034
22,syn,D,1.006,1.005,0.01,0.008
23,del,L,0.767,0.35,0.076,0.046
23,ins,L,0.637,0.122,0.08,0.024
23,stop,L,0.011,0.002,0.437,0.057
23,syn,L,0.987,0.992,0.003,0.009
24,del,P,0.751,0.421,0.035,0.036
24,ins,P,0.871,0.716,0.023,0.027
24,stop,P,-0.032,0.017,0.481,0.038
24,syn,P,0.984,0.987,0.013,0.009
25,del,W,0.712,0.319,0.048,0.022
25,ins,W,0.99,0.977,0.011,0.008
25,stop,W,-0.045,0.003,0.469,0.088
25,syn,W,,,,
26,del,P,0.923,0.843,0.018,0.015
26,ins,P,0.988,0.973,0.028,0.01
26,stop,P,-0.017,0.003,0.496,0.065
26,syn,P,0.993,1.003,0.021,0.006
27,del,P,0.923,0.843,0.018,0.015
27,ins,P,0.897,0.739,0.027,0.025
27,stop,P,-0.023,-0.009,0.475,0.051
27,syn,P,0.999,0.996,0.005,0.003
28,del,L,0.632,0.002,0.073,0.087
28,ins,L,0.953,0.889,0.014,0.007
28,stop,L,0.0,0.02,0.449,0.042
28,syn,L,0.994,0.999,0.007,0.003
29,del,R,0.939,0.827,0.018,0.012
29,ins,R,0.927,0.859,0.022,0.013
29,stop,R,0.008,-0.015,0.494,0.107
29,syn,R,0.984,0.99,0.014,0.004
30,del,N,0.832,0.636,0.058,0.029
30,ins,N,0.793,0.572,0.043,0.031
30,stop,N,0.004,-0.018,0.471,0.091
30,syn,N,1.005,1.005,0.04,0.018
31,del,E,0.923,0.824,0.035,0.017
31,ins,E,0.988,0.973,0.02,0.007
31,stop,E,0.013,0.038,0.459,0.03
31,syn,E,1.013,0.999,0.008,0.006
32,del,F,0.949,0.926,0.024,0.02
32,ins,F,1.005,1.004,0.01,0.005
32,stop,F,0.023,-0.022,0.481,0.054
32,syn,F,1.006,1.006,0.016,0.011
33,del,R,0.911,0.777,0.032,0.019
33,ins,R,0.925,0.905,0.028,0.01
33,stop,R,0.027,-0.042,0.492,0.044
33,syn,R,1.001,0.997,0.015,0.006
34,del,Y,0.573,-0.042,0.121,0.025
34,ins,Y,0.624,-0.019,0.082,0.023
34,stop,Y,0.015,0.018,0.477,0.047
34,syn,Y,0.985,1.0,0.012,0.006
35,del,F,0.589,-0.072,0.097,0.049
35,ins,F,0.46,-0.083,0.174,0.016
35,stop,F,-0.012,0.016,0.469,0.047
35,syn,F,1.007,1.004,0.011,0.005
36,del,Q,0.69,0.249,0.053,0.067
36,ins,Q,0.28,-0.096,0.261,0.037
36,stop,Q,-0.009,0.045,0.422,0.023
36,syn,Q,0.999,0.996,0.022,0.01
37,del,R,0.85,0.743,0.023,0.014
37,ins,R,0.093,-0.144,0.383,0.033
37,stop,R,0.009,-0.002,0.492,0.028
37,syn,R,0.996,0.999,0.004,0.003
38,del,M,0.9185000000000001,0.901,0.0175,0.0105
38,ins,M,-0.040499999999999994,-0.1335,0.48150000000000004,0.0305
38,stop,M,0.0035,-0.004,0.421,0.0235
38,syn,M,,,,
39,del,T,1.004,0.986,0.0135,0.014499999999999999
39,ins,T,0.9495,0.8875,0.028,0.0165
39,stop,T,-0.027000000000000003,0.0045,0.4205,0.056499999999999995
39,syn,T,0.989,0.994,0.0085,0.010499999999999999
40,del,T,0.9984999999999999,0.9944999999999999,0.01,0.007
40,ins,T,0.9855,0.977,0.012,0.01
40,stop,T,-0.019,0.0125,0.4155,0.0325
40,syn,T,1.005,1.0025,0.009,0.010499999999999999
41,del,T,0.999,1.005,0.015,0.022
41,ins,T,0.967,0.932,0.009,0.021
41,stop,T,-0.017,-0.011,0.419,0.023
41,syn,T,0.986,0.996,0.015,0.008
42,del,S,0.988,1.001,0.019,0.012
42,ins,S,0.951,0.885,0.011,0.014
42,stop,S,-0.01,0.032,0.39,0.045
42,syn,S,1.013,1.002,0.007,0.01
43,del,S,0.993,0.997,0.01,0.007
43,ins,S,0.995,0.983,0.012,0.004
43,stop,S,0.004,0.03,0.395,0.004
43,syn,S,0.998,0.998,0.014,0.01
44,del,V,1.022,1.022,0.011,0.007
44,ins,V,0.992,0.98,0.019,0.007
44,stop,V,0.021,-0.023,0.358,0.04
44,syn,V,1.032,1.02,0.007,0.006
45,del,E,1.01,1.007,0.009,0.009
45,ins,E,0.972,0.936,0.006,0.007
45,stop,E,0.014,0.036,0.365,0.054
45,syn,E,1.013,1.006,0.017,0.01
46,del,G,0.953,0.935,0.01,0.006
46,ins,G,0.972,0.936,0.006,0.007
46,stop,G,0.006,-0.031,0.414,0.058
46,syn,G,0.972,0.975,0.006,0.008
47,del,K,0.065,-0.128,0.387,0.074
47,ins,K,0.637,0.154,0.039,0.038
47,stop,K,-0.017,-0.006,0.39,0.015
47,syn,K,0.981,0.991,0.015,0.01
48,del,Q,0.041,-0.112,0.389,0.025
48,ins,Q,-0.04,-0.104,0.46,0.013
48,stop,Q,0.011,-0.008,0.371,0.061
48,syn,Q,1.012,1.012,0.007,0.013
49,del,N,-0.021,-0.137,0.475,0.02
49,ins,N,-0.036,-0.143,0.447,0.042
49,stop,N,0.033,-0.014,0.406,0.049
49,syn,N,1.03,1.004,0.013,0.01
50,del,L,-0.044,-0.118,0.465,0.008
50,ins,L,-0.047,-0.145,0.473,0.057
50,stop,L,0.017,-0.003,0.42,0.031
50,syn,L,1.014,1.013,0.005,0.012
51,del,V,-0.039,-0.1,0.506,0.023
51,ins,V,-0.062,-0.127,0.448,0.015
51,stop,V,-0.02,0.011,0.374,0.019
51,syn,V,,,,
52,del,I,-0.049,-0.164,0.458,0.026
52,ins,I,-0.047,-0.119,0.476,0.029
52,stop,I,0.015,-0.007,0.402,0.022
52,syn,I,0.868,0.901,0.024,0.018
53,del,M,-0.029,-0.147,0.455,0.026
53,ins,M,-0.081,-0.189,0.504,0.017
53,stop,M,0.0,0.023,0.372,0.04
53,syn,M,,,,
54,del,G,-0.054,-0.095,0.467,0.057
54,ins,G,-0.081,-0.189,0.504,0.017
54,stop,G,-0.002,0.013,0.413,0.061
54,syn,G,1.009,1.002,0.008,0.006
55,del,K,-0.091,-0.146,0.488,0.075
55,ins,K,-0.058,-0.132,0.485,0.037
55,stop,K,0.022,0.0,0.384,0.032
55,syn,K,0.996,0.989,0.011,0.008
56,del,K,-0.074,-0.138,0.503,0.088
56,ins,K,-0.069,-0.196,0.469,0.029
56,stop,K,-0.022,0.01,0.352,0.046
56,syn,K,0.997,0.997,0.017,0.014
57,del,T,,,,
57,ins,T,,,,
57,stop,T,,,,
57,syn,T,,,,
58,del,W,-0.042,-0.149,0.449,0.107
58,ins,W,-0.052,-0.155,0.47,0.05
58,stop,W,-0.004,-0.017,0.374,0.018
58,syn,W,,,,
59,del,F,-0.082,-0.132,0.456,0.072
59,ins,F,0.088,-0.126,0.368,0.016
59,stop,F,0.005,0.007,0.387,0.031
59,syn,F,1.0,0.998,0.006,0.008
60,del,S,-0.064,-0.123,0.474,0.04
60,ins,S,0.245,0.072,0.229,0.085
60,stop,S,-0.024,0.011,0.407,0.034
60,syn,S,0.989,0.988,0.01,0.004
61,del,I,-0.018,-0.178,0.438,0.028
61,ins,I,0.314,-0.126,0.184,0.073
61,stop,I,-0.027,-0.05,0.402,0.024
61,syn,I,0.991,1.007,0.015,0.009
62,del,P,0.296,-0.05,0.134,0.093
62,ins,P,0.049,-0.177,0.347,0.114
62,stop,P,0.018,-0.013,0.392,0.045
62,syn,P,1.007,0.998,0.013,0.013
63,del,E,0.177,-0.146,0.293,0.076
63,ins,E,0.291,-0.066,0.198,0.028
63,stop,E,0.001,0.029,0.351,0.048
63,syn,E,0.985,1.003,0.011,0.005
64,del,K,0.176,-0.111,0.261,0.056
64,ins,K,0.044,-0.113,0.344,0.033
64,stop,K,-0.029,0.003,0.357,0.022
64,syn,K,1.008,0.993,0.011,0.009
65,del,N,0.232,-0.086,0.233,0.044
65,ins,N,-0.014,-0.191,0.41,0.072
65,stop,N,-0.031,-0.011,0.392,0.009
65,syn,N,0.988,0.988,0.014,0.012
66,del,R,-0.019,-0.134,0.472,0.015
66,ins,R,0.563,-0.074,0.091,0.081
66,stop,R,0.0,-0.012,0.437,0.01
66,syn,R,0.996,1.002,0.006,0.008
67,del,P,0.593,0.031,0.078,0.059
67,ins,P,0.403,-0.16,0.144,0.058
67,stop,P,-0.043,0.01,0.425,0.027
67,syn,P,1.0,1.002,0.01,0.014
68,del,L,0.687,0.011,0.065,0.065
68,ins,L,0.241,-0.141,0.208,0.053
68,stop,L,0.015,-0.014,0.375,0.043
68,syn,L,1.001,0.996,0.007,0.01
69,del,K,0.374,-0.173,0.148,0.017
69,ins,K,0.034,-0.148,0.394,0.073
69,stop,K,0.052,-0.049,0.426,0.075
69,syn,K,0.989,0.994,0.009,0.016
70,del,G,-0.068,-0.197,0.471,0.04
70,ins,G,0.034,-0.148,0.394,0.073
70,stop,G,-0.011,-0.022,0.436,0.049
70,syn,G,0.98,0.98,0.006,0.013
71,del,R,0.844,0.577,0.027,0.01
71,ins,R,0.077,-0.114,0.329,0.087
71,stop,R,0.036,-0.031,0.392,0.023
71,syn,R,0.994,0.982,0.01,0.016
72,del,I,-0.047,-0.142,0.463,0.045
72,ins,I,-0.067,-0.173,0.518,0.044
72,stop,I,-0.029,-0.055,0.396,0.052
72,syn,I,0.979,1.002,0.013,0.005
73,del,N,0.005,-0.172,0.369,0.005
73,ins,N,-0.075,-0.153,0.471,0.035
73,stop,N,-0.026,-0.023,0.398,0.007
73,syn,N,1.005,1.005,0.005,0.016
74,del,L,-0.07,-0.134,0.453,0.032
74,ins,L,-0.045,-0.172,0.472,0.027
74,stop,L,0.014,0.021,0.41,0.028
74,syn,L,1.008,1.006,0.008,0.006
75,del,V,-0.089,-0.1225,0.325,0.053
75,ins,V,-0.0985,-0.1335,0.27349999999999997,0.041999999999999996
75,stop,V,0.018,0.0595,0.22899999999999998,0.041
75,syn,V,0.9855,1.004,0.006999999999999999,0.0115
76,del,L,-0.08449999999999999,-0.131,0.276,0.08299999999999999
76,ins,L,-0.0525,-0.1545,0.2255,0.0295
76,stop,L,0.024,0.0605,0.218,0.038
76,syn,L,0.9989999999999999,1.0045,0.0115,0.006500000000000001
77,del,S,-0.126,-0.135,0.279,0.105
77,ins,S,0.39049999999999996,-0.067,0.0935,0.082
77,stop,S,0.0195,0.052000000000000005,0.2,0.020499999999999997
77,syn,S,1.013,0.9995,0.012,0.008
78,del,R,-0.215,-0.158,0.031,0.101
78,ins,R,0.684,0.53,0.016,0.016
78,stop,R,-0.036,-0.001,0.065,0.033
78,syn,R,1.002,0.987,0.012,0.015
79,del,E,-0.15,-0.104,0.041,0.057
79,ins,E,0.712,0.444,0.018,0.021
79,stop,E,-0.008,0.029,0.015,0.017
79,syn,E,0.973,0.978,0.005,0.004
80,del,L,0.083,-0.213,0.068,0.118
80,ins,L,0.48,-0.066,0.036,0.075
80,stop,L,-0.02,-0.008,0.008,0.033
80,syn,L,0.982,0.993,0.013,0.009
81,del,K,-0.1,-0.112,0.147,0.068
81,ins,K,0.569,0.252,0.008,0.053
81,stop,K,-0.023,-0.041,0.072,0.052
81,syn,K,0.976,0.985,0.012,0.011
82,del,E,-0.146,-0.076,0.105,0.053
82,ins,E,0.334,-0.006,0.046,0.076
82,stop,E,0.029,-0.05,0.037,0.066
82,syn,E,0.977,0.983,0.02,0.004
83,del,P,0.089,-0.149,0.045,0.068
83,ins,P,-0.08,-0.064,0.078,0.079
83,stop,P,0.021,0.091,0.063,0.025
83,syn,P,0.983,0.974,0.01,0.007
84,del,P,0.089,-0.149,0.045,0.068
84,ins,P,-0.155,-0.067,0.079,0.068
84,stop,P,-0.018,0.002,0.058,0.044
84,syn,P,0.97,0.988,0.014,0.012
85,del,Q,-0.127,-0.094,0.024,0.02
85,ins,Q,-0.056,-0.096,0.052,0.042
85,stop,Q,0.028,0.057,0.047,0.044
85,syn,Q,0.978,0.983,0.012,0.011
86,del,G,-0.098,-0.079,0.024,0.109
86,ins,G,-0.056,-0.096,0.052,0.042
86,stop,G,0.011,-0.002,0.065,0.023
86,syn,G,0.988,0.979,0.017,0.016
87,del,A,-0.066,-0.106,0.07,0.023
87,ins,A,-0.073,-0.119,0.113,0.1
87,stop,A,-0.023,0.041,0.079,0.052
87,syn,A,0.975,0.981,0.007,0.018
88,del,H,0.885,0.884,0.027,0.014
88,ins,H,-0.131,-0.094,0.061,0.071
88,stop,H,0.019,-0.031,0.056,0.052
88,syn,H,0.982,0.98,0.005,0.02
89,del,F,0.682,0.563,0.021,0.012
89,ins,F,-0.148,-0.136,0.021,0.031
89,stop,F,-0.009,-0.044,0.057,0.063
89,syn,F,0.97,0.975,0.008,0.009
90,del,L,-0.069,-0.123,0.022,0.011
90,ins,L,-0.09,-0.063,0.068,0.073
90,stop,L,0.01,-0.003,0.03,0.039
90,syn,L,0.99,0.987,0.007,0.007
91,del,S,-0.095,-0.121,0.044,0.068
91,ins,S,-0.123,-0.055,0.048,0.096
91,stop,S,-0.05,-0.002,0.02,0.017
91,syn,S,0.989,0.998,0.019,0.015
92,del,R,-0.087,-0.015,0.05,0.034
92,ins,R,-0.032,-0.147,0.012,0.065
92,stop,R,-0.07,0.0,0.04,0.032
92,syn,R,0.963,0.979,0.018,0.011
93,del,S,-0.085,-0.039,0.075,0.013
93,ins,S,-0.144,-0.213,0.126,0.05
93,stop,S,0.02,0.033,0.033,0.033
93,syn,S,0.991,0.989,0.006,0.009
94,del,L,-0.053,-0.105,0.086,0.19
94,ins,L,-0.119,-0.115,0.075,0.087
94,stop,L,-0.129,-0.004,0.061,0.127
94,syn,L,0.96,0.986,0.019,0.015
95,del,D,-0.193,-0.134,0.05,0.064
95,ins,D,-0.086,-0.116,0.059,0.054
95,stop,D,-0.031,-0.056,0.051,0.047
95,syn,D,0.973,0.982,0.015,0.015
96,del,D,-0.193,-0.134,0.05,0.064
96,ins,D,-0.142,-0.104,0.124,0.053
96,stop,D,0.021,0.054,0.137,0.027
96,syn,D,0.959,0.972,0.016,0.008
97,del,A,-0.208,-0.137,0.047,0.082
97,ins,A,-0.099,-0.067,0.039,0.034
97,stop,A,-0.073,-0.015,0.034,0.065
97,syn,A,0.979,0.986,0.009,0.007
98,del,L,-0.087,-0.097,0.028,0.069
98,ins,L,0.759,0.69,0.018,0.011
98,stop,L,-0.039,-0.018,0.064,0.031
98,syn,L,0.967,0.978,0.008,0.01
99,del,K,-0.145,-0.115,0.03,0.021
99,ins,K,0.612,0.487,0.024,0.005
99,stop,K,0.009,0.034,0.029,0.042
99,syn,K,1.019,1.014,0.008,0.003
100,del,L,-0.022,-0.031,0.047,0.037
100,ins,L,0.618,0.452,0.022,0.016
100,stop,L,0.036,0.072,0.058,0.051
100,syn,L,1.043,1.042,0.008,0.001
101,del,T,0.223,0.013,0.04,0.026
101,ins,T,0.828,0.776,0.007,0.008
101,stop,T,0.04,0.038,0.041,0.019
101,syn,T,1.023,1.02,0.003,0.006
102,del,E,0.227,0.02,0.011,0.057
102,ins,E,0.756,0.658,0.03,0.007
102,stop,E,0.065,0.059,0.112,0.111
102,syn,E,0.969,0.98,0.009,0.005
103,del,Q,0.224,0.01,0.006,0.011
103,ins,Q,0.734,0.632,0.014,0.005
103,stop,Q,0.046,-0.015,0.05,0.048
103,syn,Q,0.972,0.974,0.009,0.006
104,del,P,0.98,0.989,0.012,0.01
104,ins,P,1.04,1.029,0.006,0.004
104,stop,P,-0.033,-0.004,0.047,0.014
104,syn,P,1.014,1.005,0.005,0.005
105,del,E,0.601,0.437,0.023,0.03
105,ins,E,0.885,0.866,0.009,0.004
105,stop,E,-0.002,0.017,0.097,0.026
105,syn,E,1.018,1.012,0.009,0.005
106,del,L,-0.186,-0.169,0.059,0.036
106,ins,L,0.202,-0.024,0.012,0.016
106,stop,L,-0.107,-0.12,0.041,0.066
106,syn,L,0.982,0.969,0.009,0.012
107,del,A,0.442,0.128,0.082,0.024
107,ins,A,0.258,-0.014,0.043,0.027
107,stop,A,0.015,0.015,0.025,0.027
107,syn,A,1.044,1.035,0.006,0.006
108,del,N,0.446,0.311,0.108,0.007
108,ins,N,0.125,-0.078,0.022,0.016
108,stop,N,0.023,0.0,0.04,0.05
108,syn,N,1.036,1.034,0.005,0.007
109,del,K,0.671,0.688,0.052,0.02
109,ins,K,0.164,-0.029,0.046,0.057
109,stop,K,0.021,-0.022,0.024,0.025
109,syn,K,0.978,0.985,0.011,0.005
110,del,V,-0.001,-0.127,0.074,0.085
110,ins,V,0.291,-0.031,0.038,0.085
110,stop,V,-0.036,-0.078,0.126,0.123
110,syn,V,0.973,0.957,0.02,0.014
111,del,D,-0.16,-0.091,0.058,0.02
111,ins,D,-0.113,-0.099,0.042,0.039
111,stop,D,0.031,0.027,0.024,0.043
111,syn,D,0.986,0.99,0.007,0.01
112,del,M,0.0195,-0.08149999999999999,0.126,0.0265
112,ins,M,-0.0625,-0.14200000000000002,0.191,0.0405
112,stop,M,0.004,0.0325,0.181,0.057999999999999996
112,syn,M,,,,
113,del,V,-0.023,-0.08,0.1905,0.032
113,ins,V,-0.10350000000000001,-0.096,0.173,0.07
113,stop,V,-0.03949999999999999,-0.0285,0.17099999999999999,0.037000000000000005
113,syn,V,1.01,1.009,0.009,0.0045000000000000005
114,del,W,-0.096,-0.078,0.176,0.0765
114,ins,W,-0.0845,-0.10500000000000001,0.17750000000000002,0.084
114,stop,W,0.026,0.048,0.1235,0.024
114,syn,W,,,,
115,del,I,-0.026,-0.084,0.257,0.028
115,ins,I,-0.026,-0.146,0.288,0.053
115,stop,I,0.011,0.012,0.233,0.044
115,syn,I,1.002,1.007,0.007,0.006
116,del,V,-0.053,-0.166,0.326,0.035
116,ins,V,0.347,-0.113,0.057,0.045
116,stop,V,-0.023,0.005,0.244,0.021
116,syn,V,0.999,1.005,0.004,0.005
117,del,G,0.703,0.068,0.019,0.025
117,ins,G,0.347,-0.113,0.057,0.045
117,stop,G,-0.016,-0.004,0.234,0.068
117,syn,G,1.006,1.011,0.006,0.006
118,del,G,0.703,0.068,0.019,0.025
118,ins,G,0.347,-0.113,0.057,0.045
118,stop,G,-0.002,-0.02,0.247,0.065
118,syn,G,1.011,0.996,0.013,0.017
119,del,S,0.686,0.001,0.019,0.02
119,ins,S,0.563,-0.105,0.019,0.021
119,stop,S,-0.019,0.032,0.191,0.026
119,syn,S,1.002,1.001,0.011,0.004
120,del,S,0.703,0.042,0.04,0.07
120,ins,S,0.424,-0.094,0.049,0.067
120,stop,S,0.24,0.272,0.104,0.015
120,syn,S,0.996,1.001,0.008,0.004
121,del,V,-0.008,-0.097,0.259,0.007
121,ins,V,-0.066,-0.09,0.3,0.033
121,stop,V,-0.017,0.034,0.239,0.009
121,syn,V,1.008,1.01,0.008,0.006
122,del,Y,0.916,0.8,0.015,0.012
122,ins,Y,-0.084,-0.123,0.297,0.043
122,stop,Y,0.129,0.108,0.211,0.015
122,syn,Y,1.007,1.005,0.011,0.008
123,del,K,0.547,-0.074,0.032,0.063
123,ins,K,-0.085,-0.098,0.35,0.047
123,stop,K,0.09,0.1,0.173,0.011
123,syn,K,1.006,0.998,0.005,0.006
124,del,E,0.087,-0.124,0.177,0.013
124,ins,E,-0.039,-0.12,0.309,0.062
124,stop,E,0.126,0.157,0.192,0.02
124,syn,E,0.993,0.992,0.005,0.003
125,del,A,-0.029,-0.174,0.289,0.066
125,ins,A,-0.052,-0.141,0.31,0.041
125,stop,A,0.002,-0.005,0.27,0.011
125,syn,A,1.008,1.01,0.019,0.011
126,del,M,-0.051,-0.108,0.323,0.043
126,ins,M,0.86,0.837,0.025,0.015
126,stop,M,-0.022,-0.005,0.258,0.032
126,syn,M,,,,
127,del,N,-0.069,-0.071,0.332,0.045
127,ins,N,0.855,0.848,0.009,0.008
127,stop,N,-0.006,-0.009,0.197,0.039
127,syn,N,1.004,1.001,0.005,0.005
128,del,H,-0.044,-0.144,0.239,0.033
128,ins,H,0.916,0.891,0.011,0.008
128,stop,H,-0.038,0.004,0.289,0.008
128,syn,H,1.007,1.007,0.009,0.004
129,del,P,0.956,0.954,0.021,0.012
129,ins,P,0.921,0.928,0.013,0.008
129,stop,P,-0.002,-0.025,0.276,0.021
129,syn,P,1.014,1.005,0.01,0.003
130,del,G,1.006,1.002,0.01,0.013
130,ins,G,0.921,0.928,0.013,0.008
130,stop,G,-0.035,-0.015,0.245,0.007
130,syn,G,1.006,0.993,0.011,0.008
131,del,H,0.953,0.959,0.016,0.011
131,ins,H,0.898,0.911,0.008,0.018
131,stop,H,-0.006,0.017,0.244,0.024
131,syn,H,0.994,0.988,0.018,0.008
132,del,L,0.969,0.943,0.009,0.006
132,ins,L,0.874,0.849,0.009,0.009
132,stop,L,0.051,0.052,0.224,0.022
132,syn,L,1.009,1.001,0.011,0.003
133,del,K,0.71,0.268,0.011,0.033
133,ins,K,0.458,-0.203,0.077,0.07
133,stop,K,0.064,0.107,0.184,0.017
133,syn,K,0.988,0.99,0.009,0.009
134,del,L,-0.046,-0.027,0.196,0.037
134,ins,L,-0.023,-0.082,0.275,0.063
134,stop,L,0.049,0.062,0.265,0.053
134,syn,L,1.03,1.026,0.014,0.01
135,del,F,-0.08,-0.114,0.276,0.055
135,ins,F,-0.068,-0.117,0.313,0.023
135,stop,F,-0.023,-0.048,0.273,0.032
135,syn,F,0.963,0.976,0.013,0.004
136,del,V,-0.039,-0.116,0.256,0.038
136,ins,V,-0.049,-0.081,0.299,0.065
136,stop,V,0.005,0.017,0.243,0.062
136,syn,V,1.004,1.005,0.007,0.008
137,del,T,-0.088,-0.118,0.334,0.026
137,ins,T,-0.068,-0.142,0.28,0.012
137,stop,T,-0.023,-0.02,0.236,0.037
137,syn,T,0.993,0.993,0.005,0.008
138,del,R,-0.016,-0.123,0.298,0.008
138,ins,R,-0.116,-0.144,0.226,0.044
138,stop,R,0.095,0.084,0.232,0.013
138,syn,R,1.026,1.019,0.003,0.003
139,del,I,0.017,-0.137,0.255,0.046
139,ins,I,0.197,-0.108,0.106,0.131
139,stop,I,-0.017,-0.011,0.237,0.013
139,syn,I,1.012,1.008,0.008,0.004
140,del,M,0.266,-0.089,0.097,0.041
140,ins,M,0.899,0.816,0.016,0.01
140,stop,M,-0.017,-0.045,0.249,0.021
140,syn,M,,,,
141,del,Q,0.349,-0.083,0.083,0.038
141,ins,Q,0.794,0.369,0.019,0.016
141,stop,Q,0.048,0.101,0.194,0.033
141,syn,Q,0.977,0.981,0.019,0.01
142,del,D,0.042,-0.204,0.249,0.132
142,ins,D,0.795,0.539,0.013,0.016
142,stop,D,0.0,-0.011,0.245,0.015
142,syn,D,1.045,1.046,0.006,0.005
143,del,F,0.477,0.026,0.065,0.065
143,ins,F,0.781,0.526,0.02,0.008
143,stop,F,0.0,-0.042,0.307,0.086
143,syn,F,0.929,0.941,0.01,0.013
144,del,E,-0.036,-0.125,0.314,0.045
144,ins,E,0.829,0.726,0.022,0.014
144,stop,E,0.356,0.389,0.117,0.012
144,syn,E,0.962,0.971,0.008,0.012
145,del,S,0.018,-0.145,0.272,0.051
145,ins,S,0.398,-0.105,0.06,0.054
145,stop,S,0.011,-0.019,0.282,0.022
145,syn,S,1.01,1.002,0.008,0.007
146,del,D,-0.019,-0.118,0.242,0.031
146,ins,D,0.442,-0.074,0.071,0.014
146,stop,D,-0.019,-0.015,0.263,0.02
146,syn,D,1.004,1.006,0.005,0.002
147,del,T,0.049,-0.195,0.202,0.085
147,ins,T,0.364,-0.086,0.053,0.055
147,stop,T,-0.011,-0.086,0.277,0.041
147,syn,T,0.993,0.989,0.012,0.011
148,del,F,0.18,-0.074,0.141,0.055
148,ins,F,0.171,-0.173,0.138,0.024
148,stop,F,0.027,-0.015,0.246,0.025
148,syn,F,0.986,0.996,0.011,0.004
149,del,F,0.1095,-0.07250000000000001,0.1195,0.045
149,ins,F,0.696,0.152,0.027999999999999997,0.05450000000000001
149,stop,F,-0.039,-0.108,0.2075,0.0295
149,syn,F,0.9595,0.9644999999999999,0.021,0.01
150,del,P,0.8594999999999999,0.8895,0.045,0.0195
150,ins,P,0.938,0.938,0.019,0.0115
150,stop,P,-0.051000000000000004,-0.1855,0.183,0.066
150,syn,P,1.0194999999999999,0.9989999999999999,0.0195,0.0095
151,del,E,0.962,0.977,0.0185,0.012
151,ins,E,0.7815000000000001,0.7155,0.0295,0.024
151,stop,E,0.4175,0.378,0.1,0.0645
151,syn,E,0.9904999999999999,1.0005,0.016,0.0095
152,del,I,0.883,0.861,0.017,0.004
152,ins,I,0.839,0.706,0.013,0.015
152,stop,I,-0.157,-0.218,0.142,0.022
152,syn,I,1.324,1.17,0.02,0.054
153,del,D,0.733,0.563,0.029,0.012
153,ins,D,0.838,0.712,0.026,0.016
153,stop,D,-0.208,-0.158,0.16,0.018
153,syn,D,1.001,1.01,0.015,0.019
154,del,L,0.854,0.874,0.034,0.013
154,ins,L,0.898,0.912,0.032,0.011
154,stop,L,0.147,0.11,0.053,0.074
154,syn,L,0.952,0.963,0.012,0.005
155,del,E,0.798,0.807,0.028,0.018
155,ins,E,0.983,1.004,0.01,0.008
155,stop,E,0.881,0.737,0.018,0.11
155,syn,E,0.976,1.002,0.014,0.01
156,del,K,0.803,0.753,0.017,0.015
156,ins,K,0.886,0.921,0.015,0.02
156,stop,K,0.026,0.014,0.07,0.074
156,syn,K,0.943,0.966,0.015,0.007
157,del,Y,-0.272,-0.274,0.137,0.085
157,ins,Y,0.572,-0.139,0.04,0.106
157,stop,Y,0.097,0.081,0.068,0.08
157,syn,Y,0.993,0.99,0.018,0.017
158,del,K,-0.126,-0.276,0.095,0.036
158,ins,K,-0.202,-0.322,0.276,0.085
158,stop,K,0.244,0.2,0.026,0.125
158,syn,K,0.963,0.981,0.022,0.01
159,del,L,0.31,-0.254,0.032,0.036
159,ins,L,0.163,-0.29,0.024,0.069
159,stop,L,-0.14,-0.137,0.066,0.039
159,syn,L,0.982,0.999,0.011,0.011
160,del,L,0.31,-0.254,0.032,0.036
160,ins,L,0.822,0.817,0.043,0.031
160,stop,L,0.015,-0.036,0.085,0.082
160,syn,L,0.994,0.999,0.023,0.01
161,del,P,0.942,0.963,0.018,0.009
161,ins,P,0.836,0.766,0.007,0.008
161,stop,P,-0.15,-0.167,0.149,0.047
161,syn,P,0.984,0.991,0.009,0.007
162,del,E,0.874,0.874,0.007,0.006
162,ins,E,0.738,0.802,0.023,0.051
162,stop,E,0.883,0.743,0.016,0.099
162,syn,E,0.899,0.926,0.017,0.016
163,del,Y,0.648,0.67,0.051,0.017
163,ins,Y,0.565,0.519,0.058,0.056
163,stop,Y,0.959,0.802,0.06,0.083
163,syn,Y,0.79,0.822,0.019,0.006
164,del,P,0.593,0.518,0.083,0.034
164,ins,P,0.858,0.853,0.012,0.006
164,stop,P,,,,
164,syn,P,0.992,1.002,0.008,0.003
165,del,G,0.839,0.659,0.007,0.011
165,ins,G,0.858,0.853,0.012,0.006
165,stop,G,-0.183,-0.169,0.119,0.051
165,syn,G,0.914,0.894,0.034,0.026
166,del,V,0.881,0.843,0.031,0.014
166,ins,V,0.916,0.905,0.011,0.014
166,stop,V,-0.253,-0.166,0.094,0.053
166,syn,V,1.016,0.997,0.018,0.014
167,del,L,0.9,0.881,0.022,0.006
167,ins,L,0.869,0.829,0.015,0.008
167,stop,L,-0.177,-0.106,0.114,0.04
167,syn,L,0.96,0.984,0.011,0.01
168,del,S,0.855,0.765,0.023,0.012
168,ins,S,0.977,0.988,0.016,0.006
168,stop,S,1.174,0.958,0.02,0.109
168,syn,S,1.008,1.014,0.015,0.009
169,del,D,0.842,0.649,0.025,0.015
169,ins,D,0.94,0.913,0.021,0.012
169,stop,D,-0.189,-0.131,0.169,0.037
169,syn,D,0.998,1.013,0.009,0.004
170,del,V,0.733,0.321,0.014,0.022
170,ins,V,0.706,-0.008,0.027,0.015
170,stop,V,-0.238,-0.133,0.17,0.028
170,syn,V,1.014,1.017,0.009,0.011
171,del,Q,0.582,-0.094,0.036,0.044
171,ins,Q,0.749,0.404,0.015,0.02
171,stop,Q,-0.023,-0.011,0.069,0.097
171,syn,Q,1.007,1.008,0.01,0.004
172,del,E,0.268,-0.202,0.015,0.057
172,ins,E,0.843,0.731,0.03,0.022
172,stop,E,0.735,0.617,0.022,0.111
172,syn,E,0.983,0.995,0.011,0.012
173,del,E,0.268,-0.202,0.015,0.057
173,ins,E,0.763,0.364,0.024,0.015
173,stop,E,0.829,0.701,0.017,0.102
173,syn,E,0.976,0.992,0.012,0.006
174,del,K,0.49,-0.116,0.062,0.082
174,ins,K,0.755,0.698,0.01,0.022
174,stop,K,0.642,0.573,0.038,0.116
174,syn,K,0.898,0.893,0.087,0.048
175,del,G,,,,
175,ins,G,0.755,0.698,0.01,0.022
175,stop,G,0.266,0.023,0.151,0.11
175,syn,G,0.954,0.953,0.04,0.012
176,del,I,-0.279,-0.367,0.237,0.12
176,ins,I,0.581,-0.177,0.024,0.082
176,stop,I,-0.306,-0.269,0.166,0.076
176,syn,I,1.002,1.005,0.017,0.011
177,del,K,-0.227,-0.187,0.129,0.046
177,ins,K,-0.168,-0.199,0.162,0.031
177,stop,K,-0.018,0.022,0.052,0.082
177,syn,K,1.013,1.021,0.017,0.01
178,del,Y,-0.259,-0.221,0.126,0.092
178,ins,Y,-0.246,-0.274,0.115,0.02
178,stop,Y,0.136,0.076,0.025,0.078
178,syn,Y,0.938,0.966,0.012,0.01
179,del,K,-0.28,-0.299,0.143,0.09
179,ins,K,-0.37,-0.27,0.155,0.096
179,stop,K,0.017,0.011,0.107,0.091
179,syn,K,0.985,1.004,0.012,0.021
180,del,F,-0.233,-0.272,0.208,0.025
180,ins,F,-0.323,-0.401,0.109,0.183
180,stop,F,-0.211,-0.213,0.161,0.076
180,syn,F,0.895,0.892,0.023,0.02
181,del,E,-0.24,-0.261,0.165,0.106
181,ins,E,-0.135,-0.335,0.26,0.169
181,stop,E,0.879,0.725,0.032,0.114
181,syn,E,,,,
182,del,V,-0.333,-0.2,0.25,0.127
182,ins,V,-0.284,-0.237,0.148,0.057
182,stop,V,-0.191,-0.141,0.071,0.046
182,syn,V,1.013,0.994,0.022,0.016
183,del,Y,-0.258,-0.335,0.081,0.028
183,ins,Y,0.56,0.556,0.089,0.032
183,stop,Y,0.133,0.129,0.05,0.078
183,syn,Y,0.943,0.946,0.014,0.02
184,del,E,0.732,0.351,0.025,0.031
184,ins,E,0.65,0.772,0.086,0.039
184,stop,E,0.861,0.739,0.031,0.105
184,syn,E,0.953,0.972,0.022,0.017
185,del,K,0.886,0.909,0.007,0.017
185,ins,K,0.989,1.028,0.017,0.013
185,stop,K,-0.015,-0.023,0.051,0.035
185,syn,K,0.933,0.97,0.013,0.013
186,del,N,1.004,1.025,0.02,0.014
186,ins,N,0.985,0.997,0.01,0.009
186,stop,N,-0.184,-0.168,0.122,0.024
186,syn,N,1.035,1.042,0.009,0.016
187,del,D,1.324,1.182,0.015,0.044
187,ins,D,1.026,1.032,0.012,0.009
187,stop,D,-0.193,-0.137,0.153,0.068
187,syn,D,1.041,1.036,0.015,0.01
