DSSP index,Amino acid,Secondary structure,Relative ASA
1,V,-,0.5070422535211268
2,G,-,0.5476190476190477
3,S,-,0.3923076923076923
4,L,E,0.17073170731707318
5,N,E,0.025477707006369428
6,C,E,0.007407407407407408
7,I,E,0.03550295857988166
8,V,E,0.07042253521126761
9,A,E,0.11320754716981132
10,V,E,0.0
11,S,E,0.015384615384615385
12,Q,T,0.6919191919191919
13,N,T,0.35668789808917195
14,M,-,0.2765957446808511
15,G,E,0.0
16,I,E,0.1301775147928994
17,G,E,0.10714285714285714
18,K,B,0.3121951219512195
19,N,T,0.8471337579617835
20,G,T,0.36904761904761907
21,D,B,0.6441717791411042
22,L,-,0.3475609756097561
23,P,S,0.11764705882352941
24,W,S,0.07048458149779736
25,P,-,0.40441176470588236
26,P,-,0.47794117647058826
27,L,-,0.012195121951219513
28,R,H,0.6814516129032258
29,N,H,0.46496815286624205
30,E,H,0.08762886597938144
31,F,H,0.47715736040609136
32,R,H,0.6774193548387096
33,Y,H,0.02252252252252252
34,F,H,0.2233502538071066
35,Q,H,0.43434343434343436
36,R,H,0.40725806451612906
37,M,H,0.1276595744680851
38,T,H,0.0
39,T,H,0.29577464788732394
40,T,-,0.6197183098591549
41,S,-,0.2923076923076923
42,S,S,0.7538461538461538
43,V,S,0.36619718309859156
44,E,T,0.9690721649484536
45,G,T,0.7738095238095238
46,K,-,0.32195121951219513
47,Q,E,0.35858585858585856
48,N,E,0.0
49,L,E,0.012195121951219513
50,V,E,0.0
51,I,E,0.0
52,M,E,0.0
53,G,E,0.13095238095238096
54,K,H,0.3073170731707317
55,K,H,0.6
56,T,H,0.24647887323943662
57,W,H,0.0
58,F,T,0.5482233502538071
59,S,T,0.33076923076923076
60,I,S,0.14201183431952663
61,P,-,0.5514705882352942
62,E,G,0.7474226804123711
63,K,G,0.8780487804878049
64,N,G,0.45222929936305734
65,R,-,0.2056451612903226
66,P,S,0.27205882352941174
67,L,-,0.09146341463414634
68,K,T,0.751219512195122
69,G,T,0.4642857142857143
70,R,E,0.056451612903225805
71,I,E,0.11834319526627218
72,N,E,0.0
73,L,E,0.006097560975609756
74,V,E,0.0
75,L,E,0.12804878048780488
76,S,-,0.13846153846153847
77,R,S,0.8306451612903226
78,E,S,0.8144329896907216
79,L,-,0.3719512195121951
80,K,S,0.9951219512195122
81,E,S,0.7731958762886598
82,P,-,0.3382352941176471
83,P,-,0.10294117647058823
84,Q,T,0.9040404040404041
85,G,T,0.38095238095238093
86,A,-,0.16037735849056603
87,H,S,0.4891304347826087
88,F,E,0.27918781725888325
89,L,E,0.22560975609756098
90,S,E,0.09230769230769231
91,R,S,0.5766129032258065
92,S,S,0.08461538461538462
93,L,H,0.07926829268292683
94,D,H,0.4723926380368098
95,D,H,0.2822085889570552
96,A,H,0.009433962264150943
97,L,H,0.1524390243902439
98,K,H,0.5317073170731708
99,L,T,0.1524390243902439
100,T,T,0.007042253521126761
101,E,S,0.7164948453608248
102,Q,S,0.3939393939393939
103,P,H,0.7205882352941176
104,E,H,0.5618556701030928
105,L,H,0.036585365853658534
106,A,H,0.3584905660377358
107,N,T,0.6815286624203821
108,K,T,0.5170731707317073
109,V,E,0.0
110,D,E,0.06134969325153374
111,M,E,0.18617021276595744
112,V,E,0.02112676056338028
113,W,E,0.013215859030837005
114,I,E,0.0
115,V,E,0.1056338028169014
116,G,E,0.0
117,G,-,0.16666666666666666
118,S,H,0.27692307692307694
119,S,H,0.7076923076923077
120,V,H,0.09859154929577464
121,Y,H,0.04504504504504504
122,K,H,0.5804878048780487
123,E,H,0.6030927835051546
124,A,H,0.0
125,M,T,0.03723404255319149
126,N,T,0.7006369426751592
127,H,S,0.266304347826087
128,P,S,0.6838235294117647
129,G,S,0.25
130,H,-,0.43478260869565216
131,L,E,0.006097560975609756
132,K,E,0.12682926829268293
133,L,E,0.006097560975609756
134,F,E,0.015228426395939087
135,V,E,0.007042253521126761
136,T,E,0.007042253521126761
137,R,E,0.1975806451612903
138,I,E,0.011834319526627219
139,M,-,0.3882978723404255
140,Q,S,0.40404040404040403
141,D,-,0.5950920245398773
142,F,-,0.14213197969543148
143,E,-,0.7731958762886598
144,S,-,0.15384615384615385
145,D,S,0.4294478527607362
146,T,E,0.2535211267605634
147,F,E,0.5025380710659898
148,F,-,0.03553299492385787
149,P,-,0.20588235294117646
150,E,-,0.8556701030927835
151,I,-,0.10650887573964497
152,D,-,0.34355828220858897
153,L,T,0.6707317073170732
154,E,T,0.9484536082474226
155,K,T,0.6195121951219512
156,Y,-,0.03153153153153153
157,K,E,0.7219512195121951
158,L,E,0.5304878048780488
159,L,-,0.24390243902439024
160,P,S,0.9705882352941176
161,E,-,0.7474226804123711
162,Y,-,0.27927927927927926
163,P,T,0.8014705882352942
164,G,T,0.6071428571428571
165,V,S,0.11267605633802817
166,L,-,0.4878048780487805
167,S,-,0.7
168,D,S,0.558282208588957
169,V,-,0.5
170,Q,E,0.21212121212121213
171,E,E,0.5721649484536082
172,E,E,0.16494845360824742
173,K,T,0.5853658536585366
174,G,T,0.5238095238095238
175,I,E,0.05917159763313609
176,K,E,0.3902439024390244
177,Y,E,0.02252252252252252
178,K,E,0.33658536585365856
179,F,E,0.1065989847715736
180,E,E,0.12371134020618557
181,V,E,0.035211267605633804
182,Y,E,0.036036036036036036
183,E,E,0.3402061855670103
184,K,E,0.03902439024390244
185,N,-,0.7834394904458599
186,D,-,0.6748466257668712
